datetime,fut_close,idx_close,days_left,ann_basis
2018-01-01 16:00:00,6345.0,6332.23,46,-1.6
2018-01-02 16:00:00,6388.2,6388.25,46,0.006
2018-01-03 16:00:00,6406.8,6417.54,46,1.328
2018-01-04 16:00:00,6400.8,6417.25,46,2.034
2018-01-07 16:00:00,6433.0,6446.18,46,1.622
2018-01-08 16:00:00,6435.0,6445.75,46,1.323
2018-01-09 16:00:00,6406.6,6405.94,46,-0.082
2018-01-10 16:00:00,6423.2,6425.94,46,0.338
2018-01-11 16:00:00,6401.2,6399.37,46,-0.227
2018-01-14 16:00:00,6273.0,6253.38,46,-2.49
2018-01-15 16:00:00,6285.6,6301.13,46,1.956
2018-01-16 16:00:00,6250.0,6267.46,46,2.21
2018-01-17 16:00:00,6285.6,6286.8,46,0.151
2018-01-18 16:00:00,6281.0,6272.38,46,-1.09
2018-01-21 16:00:00,6348.6,6347.64,46,-0.12
2018-01-22 16:00:00,6345.8,6355.0,46,1.149
2018-01-23 16:00:00,6409.6,6394.3,46,-1.899
2018-01-24 16:00:00,6387.0,6382.72,46,-0.532
2018-01-25 16:00:00,6397.0,6383.63,46,-1.662
2018-01-28 16:00:00,6312.2,6309.88,46,-0.292
2018-01-29 16:00:00,6302.8,6313.44,46,1.337
2018-01-30 16:00:00,6186.6,6189.34,46,0.351
2018-01-31 16:00:00,5970.0,5984.74,46,1.954
2018-02-01 16:00:00,5986.2,6004.85,46,2.464
2018-02-04 16:00:00,5979.8,5998.22,46,2.437
2018-02-05 16:00:00,5686.8,5704.26,46,2.429
2018-02-06 16:00:00,5663.0,5711.33,46,6.715
2018-02-07 16:00:00,5747.0,5766.48,46,2.68
2018-02-08 16:00:00,5504.0,5554.9,46,7.271
2018-02-11 16:00:00,5661.0,5699.1,46,5.305
2018-02-12 16:00:00,5713.8,5736.95,46,3.202
2018-02-13 16:00:00,5730.0,5754.83,46,3.424
2018-02-21 16:00:00,5825.0,5875.73,46,6.851
2018-02-22 16:00:00,5833.4,5897.68,46,8.648
2018-02-25 16:00:00,6004.6,6029.68,46,3.3
2018-02-26 16:00:00,5979.6,6010.56,46,4.087
2018-02-27 16:00:00,5983.4,6023.68,46,5.306
2018-02-28 16:00:00,6057.8,6090.22,46,4.224
2018-03-01 16:00:00,6035.2,6056.34,46,2.77
2018-03-04 16:00:00,6019.2,6064.1,46,5.875
2018-03-05 16:00:00,6111.8,6145.58,46,4.361
2018-03-06 16:00:00,6031.0,6086.49,46,7.234
2018-03-07 16:00:00,6095.4,6131.51,46,4.673
2018-03-08 16:00:00,6198.8,6206.98,46,1.046
2018-03-11 16:00:00,6275.4,6295.78,46,2.569
2018-03-12 16:00:00,6241.0,6254.15,46,1.668
2018-03-13 16:00:00,6177.0,6189.32,46,1.579
2018-03-14 16:00:00,6172.0,6180.11,46,1.041
2018-03-15 16:00:00,6174.2,6146.31,46,-3.601
2018-03-18 16:00:00,6080.4,6153.83,46,9.468
2018-03-19 16:00:00,6103.2,6173.7,46,9.061
2018-03-20 16:00:00,6040.0,6129.2,46,11.548
2018-03-21 16:00:00,6037.4,6101.23,46,8.301
2018-03-22 16:00:00,5665.6,5787.15,46,16.666
2018-03-25 16:00:00,5846.0,5902.96,46,7.657
2018-03-26 16:00:00,6005.6,6034.78,46,3.837
2018-03-27 16:00:00,5915.2,5973.34,46,7.723
2018-03-28 16:00:00,6012.0,6034.86,46,3.006
2018-03-29 16:00:00,6101.0,6114.74,46,1.783
2018-04-01 16:00:00,6075.0,6121.96,46,6.087
2018-04-02 16:00:00,6023.4,6059.71,46,4.755
2018-04-03 16:00:00,5976.0,6017.69,46,5.497
2018-04-08 16:00:00,5981.8,6025.65,46,5.774
2018-04-09 16:00:00,6048.0,6063.74,46,2.06
2018-04-10 16:00:00,6055.0,6086.61,46,4.121
2018-04-11 16:00:00,6022.8,6051.33,46,3.741
2018-04-12 16:00:00,6010.0,6027.19,46,2.263
2018-04-15 16:00:00,5989.0,6012.41,46,3.089
2018-04-16 16:00:00,5888.0,5890.86,46,0.385
2018-04-17 16:00:00,5951.0,5970.66,46,2.613
2018-04-18 16:00:00,6000.0,6004.73,46,0.625
2018-04-19 16:00:00,5908.0,5880.84,46,-3.665
2018-04-22 16:00:00,5779.2,5823.92,46,6.093
2018-04-23 16:00:00,5913.2,5957.19,46,5.859
2018-04-24 16:00:00,5913.0,5959.42,46,6.181
2018-04-25 16:00:00,5806.4,5847.98,46,5.642
2018-04-26 16:00:00,5852.2,5860.98,46,1.189
2018-05-01 16:00:00,5827.8,5855.32,46,3.729
2018-05-02 16:00:00,5892.4,5910.61,46,2.445
2018-05-03 16:00:00,5881.0,5909.29,46,3.799
2018-05-06 16:00:00,6001.0,6019.14,46,2.391
2018-05-07 16:00:00,6028.6,6041.81,46,1.735
2018-05-08 16:00:00,6011.0,6029.23,46,2.399
2018-05-09 16:00:00,6036.4,6040.57,46,0.548
2018-05-10 16:00:00,5993.0,5991.34,46,-0.22
2018-05-13 16:00:00,5964.0,5967.55,46,0.472
2018-05-14 16:00:00,6020.0,6020.57,46,0.075
2018-05-15 16:00:00,6012.6,6004.07,46,-1.127
2018-05-16 16:00:00,5975.0,5973.78,46,-0.162
2018-05-17 16:00:00,5975.2,5995.15,46,2.64
2018-05-20 16:00:00,6027.4,6072.2,46,5.854
2018-05-21 16:00:00,6066.0,6092.91,46,3.504
2018-05-22 16:00:00,5992.4,6013.85,46,2.83
2018-05-23 16:00:00,5966.8,5992.62,46,3.419
2018-05-24 16:00:00,5874.8,5917.8,46,5.766
2018-05-27 16:00:00,5878.4,5891.26,46,1.732
2018-05-28 16:00:00,5794.4,5835.45,46,5.582
2018-05-29 16:00:00,5653.2,5682.59,46,4.104
2018-05-30 16:00:00,5738.0,5754.47,46,2.271
2018-05-31 16:00:00,5664.0,5685.12,46,2.948
2018-06-03 16:00:00,5671.0,5683.15,46,1.696
2018-06-04 16:00:00,5770.2,5779.08,46,1.219
2018-06-05 16:00:00,5765.6,5774.26,46,1.19
2018-06-06 16:00:00,5732.0,5738.02,46,0.832
2018-06-07 16:00:00,5658.6,5669.3,46,1.498
2018-06-10 16:00:00,5639.2,5632.36,46,-0.964
2018-06-11 16:00:00,5686.8,5693.35,46,0.913
2018-06-12 16:00:00,5603.0,5607.02,46,0.569
2018-06-13 16:00:00,5594.0,5586.93,46,-1.004
2018-06-14 16:00:00,5482.6,5483.94,46,0.194
2018-06-18 16:00:00,5057.8,5141.71,46,12.949
2018-06-19 16:00:00,5142.2,5198.39,46,8.577
2018-06-20 16:00:00,5010.0,5089.25,46,12.356
2018-06-21 16:00:00,5110.8,5160.12,46,7.584
2018-06-24 16:00:00,5028.8,5125.03,46,14.899
2018-06-25 16:00:00,5095.0,5160.28,46,10.038
2018-06-26 16:00:00,5001.0,5109.5,46,16.849
2018-06-27 16:00:00,5007.2,5055.11,46,7.52
2018-06-28 16:00:00,5185.4,5217.76,46,4.921
2018-07-01 16:00:00,5100.0,5138.78,46,5.988
2018-07-02 16:00:00,5144.0,5197.13,46,8.112
2018-07-03 16:00:00,5085.4,5121.34,46,5.568
2018-07-04 16:00:00,4920.2,4982.76,46,9.962
2018-07-05 16:00:00,4948.0,4996.63,46,7.723
2018-07-08 16:00:00,5088.0,5107.55,46,3.037
2018-07-09 16:00:00,5115.0,5136.53,46,3.326
2018-07-10 16:00:00,5008.8,5036.16,46,4.311
2018-07-11 16:00:00,5178.4,5172.5,46,-0.905
2018-07-12 16:00:00,5191.0,5204.19,46,2.011
2018-07-15 16:00:00,5199.2,5195.2,46,-0.611
2018-07-16 16:00:00,5184.4,5196.2,46,1.802
2018-07-17 16:00:00,5159.2,5156.64,46,-0.394
2018-07-18 16:00:00,5119.4,5111.33,46,-1.253
2018-07-19 16:00:00,5145.2,5175.25,46,4.607
2018-07-22 16:00:00,5191.0,5214.0,46,3.5
2018-07-23 16:00:00,5299.0,5304.64,46,0.844
2018-07-24 16:00:00,5297.8,5308.66,46,1.623
2018-07-25 16:00:00,5261.6,5273.48,46,1.788
2018-07-26 16:00:00,5230.0,5249.29,46,2.916
2018-07-29 16:00:00,5140.4,5185.15,46,6.848
2018-07-30 16:00:00,5157.4,5188.72,46,4.79
2018-07-31 16:00:00,5074.8,5105.37,46,4.751
2018-08-01 16:00:00,4946.4,4996.01,46,7.879
2018-08-02 16:00:00,4878.2,4929.75,46,8.297
2018-08-05 16:00:00,4806.0,4825.25,46,3.166
2018-08-06 16:00:00,4929.0,4956.87,46,4.461
2018-08-07 16:00:00,4855.4,4880.57,46,4.092
2018-08-08 16:00:00,4977.0,5004.77,46,4.403
2018-08-09 16:00:00,5012.8,5030.51,46,2.793
2018-08-12 16:00:00,5046.4,5055.28,46,1.394
2018-08-13 16:00:00,5036.8,5037.88,46,0.17
2018-08-14 16:00:00,4926.0,4932.81,46,1.095
2018-08-15 16:00:00,4871.0,4888.37,46,2.819
2018-08-16 16:00:00,4738.0,4803.03,46,10.743
2018-08-19 16:00:00,4783.6,4832.65,46,8.054
2018-08-20 16:00:00,4825.0,4891.98,46,10.864
2018-08-21 16:00:00,4806.0,4837.02,46,5.089
2018-08-22 16:00:00,4826.2,4863.67,46,6.113
2018-08-23 16:00:00,4809.4,4852.32,46,7.019
2018-08-26 16:00:00,4931.4,4960.07,46,4.586
2018-08-27 16:00:00,4936.8,4974.21,46,5.968
2018-08-28 16:00:00,4918.2,4941.96,46,3.815
2018-08-29 16:00:00,4846.0,4867.23,46,3.461
2018-08-30 16:00:00,4783.4,4814.82,46,5.178
2018-09-02 16:00:00,4819.6,4838.87,46,3.16
2018-09-03 16:00:00,4857.6,4890.28,46,5.303
2018-09-04 16:00:00,4785.0,4815.19,46,4.975
2018-09-05 16:00:00,4767.8,4793.35,46,4.229
2018-09-06 16:00:00,4765.0,4791.78,46,4.435
2018-09-09 16:00:00,4684.2,4705.11,46,3.526
2018-09-10 16:00:00,4694.4,4702.9,46,1.434
2018-09-11 16:00:00,4675.0,4693.97,46,3.207
2018-09-12 16:00:00,4718.0,4721.21,46,0.539
2018-09-13 16:00:00,4654.4,4670.1,46,2.668
2018-09-16 16:00:00,4602.8,4602.53,46,-0.047
2018-09-17 16:00:00,4679.4,4683.98,46,0.776
2018-09-18 16:00:00,4734.4,4737.25,46,0.477
2018-09-19 16:00:00,4743.6,4733.6,46,-1.676
2018-09-20 16:00:00,4827.8,4805.22,46,-3.729
2018-09-24 16:00:00,4793.2,4792.55,46,-0.108
2018-09-25 16:00:00,4800.0,4815.65,46,2.579
2018-09-26 16:00:00,4764.6,4755.58,46,-1.505
2018-09-27 16:00:00,4820.4,4800.86,46,-3.23
2018-10-07 16:00:00,4654.8,4646.49,46,-1.419
2018-10-08 16:00:00,4624.8,4634.89,46,1.727
2018-10-09 16:00:00,4639.2,4629.89,46,-1.596
2018-10-10 16:00:00,4258.2,4307.42,46,9.067
2018-10-11 16:00:00,4267.2,4278.04,46,2.011
2018-10-14 16:00:00,4178.4,4199.15,46,3.921
2018-10-15 16:00:00,4100.4,4099.73,46,-0.13
2018-10-16 16:00:00,4120.6,4133.47,46,2.471
2018-10-17 16:00:00,4033.2,4018.55,46,-2.893
2018-10-18 16:00:00,4080.4,4128.2,46,9.188
2018-10-21 16:00:00,4317.6,4333.24,46,2.864
2018-10-22 16:00:00,4219.6,4253.59,46,6.341
2018-10-23 16:00:00,4209.8,4245.49,46,6.67
2018-10-24 16:00:00,4226.0,4234.52,46,1.597
2018-10-25 16:00:00,4199.8,4234.69,46,6.538
2018-10-28 16:00:00,4156.0,4162.58,46,1.254
2018-10-29 16:00:00,4189.6,4204.54,46,2.819
2018-10-30 16:00:00,4252.0,4272.55,46,3.816
2018-10-31 16:00:00,4280.0,4299.42,46,3.584
2018-11-01 16:00:00,4436.0,4437.95,46,0.349
2018-11-04 16:00:00,4430.2,4440.83,46,1.899
2018-11-05 16:00:00,4439.2,4438.1,46,-0.197
2018-11-06 16:00:00,4388.4,4415.2,46,4.816
2018-11-07 16:00:00,4370.8,4382.38,46,2.097
2018-11-08 16:00:00,4368.8,4368.61,46,-0.035
2018-11-11 16:00:00,4487.2,4481.69,46,-0.976
2018-11-12 16:00:00,4571.0,4563.54,46,-1.297
2018-11-13 16:00:00,4552.6,4545.51,46,-1.238
2018-11-14 16:00:00,4620.0,4619.81,46,-0.033
2018-11-15 16:00:00,4647.8,4659.1,46,1.924
2018-11-18 16:00:00,4659.4,4670.74,46,1.926
2018-11-19 16:00:00,4520.0,4537.45,46,3.052
2018-11-20 16:00:00,4536.2,4554.67,46,3.218
2018-11-21 16:00:00,4523.0,4551.33,46,4.939
2018-11-22 16:00:00,4328.2,4374.91,46,8.472
2018-11-25 16:00:00,4315.8,4367.46,46,9.386
2018-11-26 16:00:00,4344.2,4387.65,46,7.858
2018-11-27 16:00:00,4398.0,4441.86,46,7.835
2018-11-28 16:00:00,4312.2,4345.7,46,6.117
2018-11-29 16:00:00,4328.2,4376.65,46,8.784
2018-12-02 16:00:00,4472.0,4515.17,46,7.587
2018-12-03 16:00:00,4514.6,4536.21,46,3.78
2018-12-04 16:00:00,4470.0,4502.7,46,5.762
2018-12-05 16:00:00,4388.2,4411.09,46,4.118
2018-12-06 16:00:00,4386.0,4410.96,46,4.49
2018-12-09 16:00:00,4336.6,4359.31,46,4.134
2018-12-10 16:00:00,4387.2,4395.57,46,1.511
2018-12-11 16:00:00,4371.8,4393.32,46,3.887
2018-12-12 16:00:00,4430.2,4443.16,46,2.314
2018-12-13 16:00:00,4329.6,4337.1,46,1.372
2018-12-16 16:00:00,4321.2,4330.65,46,1.731
2018-12-17 16:00:00,4295.2,4307.27,46,2.224
2018-12-18 16:00:00,4236.2,4247.9,46,2.185
2018-12-19 16:00:00,4264.0,4259.76,46,-0.79
2018-12-20 16:00:00,4206.0,4231.14,46,4.715
2018-12-23 16:00:00,4255.0,4274.72,46,3.66
2018-12-24 16:00:00,4195.2,4225.79,46,5.744
2018-12-25 16:00:00,4189.0,4208.65,46,3.705
2018-12-26 16:00:00,4131.0,4161.27,46,5.772
2018-12-27 16:00:00,4120.4,4168.04,46,9.069
2019-01-01 16:00:00,4096.8,4131.96,46,6.752
2019-01-02 16:00:00,4086.6,4112.81,46,5.057
2019-01-03 16:00:00,4207.8,4210.88,46,0.58
2019-01-06 16:00:00,4268.6,4288.32,46,3.649
2019-01-07 16:00:00,4270.8,4277.34,46,1.213
2019-01-08 16:00:00,4273.8,4289.03,46,2.818
2019-01-09 16:00:00,4277.4,4281.86,46,0.826
2019-01-10 16:00:00,4312.0,4314.88,46,0.53
2019-01-13 16:00:00,4290.2,4286.55,46,-0.676
2019-01-14 16:00:00,4351.4,4347.36,46,-0.737
2019-01-15 16:00:00,4341.0,4336.88,46,-0.754
2019-01-16 16:00:00,4307.4,4303.73,46,-0.677
2019-01-17 16:00:00,4341.0,4347.81,46,1.243
2019-01-20 16:00:00,4360.0,4373.63,46,2.473
2019-01-21 16:00:00,4294.2,4308.25,46,2.588
2019-01-22 16:00:00,4302.6,4315.68,46,2.405
2019-01-23 16:00:00,4330.8,4338.17,46,1.348
2019-01-24 16:00:00,4310.0,4318.44,46,1.551
2019-01-27 16:00:00,4291.6,4307.22,46,2.878
2019-01-28 16:00:00,4242.4,4254.29,46,2.218
2019-01-29 16:00:00,4201.8,4211.62,46,1.85
2019-01-30 16:00:00,4183.6,4176.47,46,-1.355
2019-01-31 16:00:00,4313.2,4294.27,46,-3.498
2019-02-10 16:00:00,4406.8,4402.87,46,-0.708
2019-02-11 16:00:00,4433.4,4439.48,46,1.087
2019-02-12 16:00:00,4512.0,4512.41,46,0.072
2019-02-13 16:00:00,4533.8,4532.17,46,-0.285
2019-02-14 16:00:00,4502.6,4502.73,46,0.023
2019-02-17 16:00:00,4677.0,4661.0,46,-2.724
2019-02-18 16:00:00,4659.0,4667.28,46,1.408
2019-02-19 16:00:00,4652.0,4667.62,46,2.655
2019-02-20 16:00:00,4662.0,4659.14,46,-0.487
2019-02-21 16:00:00,4804.8,4777.3,46,-4.568
2019-02-24 16:00:00,5123.0,5044.35,46,-12.372
2019-02-25 16:00:00,5063.2,5038.54,46,-3.884
2019-02-26 16:00:00,5017.4,5017.88,46,0.076
2019-02-27 16:00:00,5034.6,5025.29,46,-1.47
2019-02-28 16:00:00,5081.2,5067.23,46,-2.188
2019-03-03 16:00:00,5144.4,5158.25,46,2.131
2019-03-04 16:00:00,5298.8,5295.29,46,-0.526
2019-03-05 16:00:00,5400.0,5390.03,46,-1.468
2019-03-06 16:00:00,5442.4,5458.62,46,2.358
2019-03-07 16:00:00,5296.4,5245.7,46,-7.669
2019-03-10 16:00:00,5448.8,5456.38,46,1.102
2019-03-11 16:00:00,5546.2,5551.0,46,0.686
2019-03-12 16:00:00,5403.6,5424.86,46,3.11
2019-03-13 16:00:00,5289.6,5298.5,46,1.333
2019-03-14 16:00:00,5330.6,5359.01,46,4.207
2019-03-17 16:00:00,5513.8,5501.18,46,-1.82
2019-03-18 16:00:00,5487.4,5522.18,46,4.998
2019-03-19 16:00:00,5470.0,5515.79,46,6.587
2019-03-20 16:00:00,5541.4,5589.48,46,6.825
2019-03-21 16:00:00,5611.2,5622.14,46,1.544
2019-03-24 16:00:00,5518.6,5549.67,46,4.442
2019-03-25 16:00:00,5358.0,5394.88,46,5.424
2019-03-26 16:00:00,5391.6,5447.88,46,8.197
2019-03-27 16:00:00,5318.6,5370.12,46,7.612
2019-03-28 16:00:00,5534.4,5547.66,46,1.897
2019-03-31 16:00:00,5766.0,5757.84,46,-1.125
2019-04-01 16:00:00,5746.6,5775.55,46,3.977
2019-04-02 16:00:00,5828.6,5836.04,46,1.012
2019-04-03 16:00:00,5882.6,5871.56,46,-1.492
2019-04-07 16:00:00,5800.8,5847.63,46,6.354
2019-04-08 16:00:00,5836.8,5858.05,46,2.878
2019-04-09 16:00:00,5818.8,5850.76,46,4.334
2019-04-10 16:00:00,5721.2,5727.17,46,0.827
2019-04-11 16:00:00,5701.2,5714.37,46,1.829
2019-04-14 16:00:00,5609.0,5655.98,46,6.591
2019-04-15 16:00:00,5759.2,5777.01,46,2.446
2019-04-16 16:00:00,5772.4,5807.73,46,4.827
2019-04-17 16:00:00,5765.2,5775.17,46,1.37
2019-04-18 16:00:00,5775.8,5810.18,46,4.695
2019-04-21 16:00:00,5677.0,5723.04,46,6.383
2019-04-22 16:00:00,5552.8,5628.06,46,10.611
2019-04-23 16:00:00,5627.0,5679.73,46,7.367
2019-04-24 16:00:00,5411.2,5458.42,46,6.864
2019-04-25 16:00:00,5375.2,5408.03,46,4.817
2019-04-28 16:00:00,5258.8,5265.6,46,1.025
2019-04-29 16:00:00,5267.2,5307.56,46,6.034
2019-05-05 16:00:00,4810.0,4908.8,46,15.97
2019-05-06 16:00:00,4906.0,4973.4,46,10.753
2019-05-07 16:00:00,4873.2,4947.74,46,11.954
2019-05-08 16:00:00,4842.8,4888.41,46,7.403
2019-05-09 16:00:00,5018.0,5064.32,46,7.257
2019-05-12 16:00:00,4938.4,5005.9,46,10.699
2019-05-13 16:00:00,4938.8,4965.61,46,4.284
2019-05-14 16:00:00,5046.2,5076.56,46,4.745
2019-05-15 16:00:00,4993.0,5108.36,46,17.919
2019-05-16 16:00:00,4824.8,4942.58,46,18.908
2019-05-19 16:00:00,4825.0,4923.56,46,15.884
2019-05-20 16:00:00,4903.6,5009.87,46,16.831
2019-05-21 16:00:00,4889.8,4976.39,46,13.807
2019-05-22 16:00:00,4788.2,4872.92,46,13.795
2019-05-23 16:00:00,4772.6,4841.76,46,11.334
2019-05-26 16:00:00,4903.0,4962.95,46,9.585
2019-05-27 16:00:00,4888.8,4955.49,46,10.678
2019-05-28 16:00:00,4866.0,4956.86,46,14.545
2019-05-29 16:00:00,4868.6,4926.4,46,9.31
2019-05-30 16:00:00,4808.8,4912.0,46,16.671
2019-06-02 16:00:00,4788.0,4853.82,46,10.76
2019-06-03 16:00:00,4746.8,4795.41,46,8.043
2019-06-04 16:00:00,4721.8,4783.82,46,10.287
2019-06-05 16:00:00,4611.8,4678.78,46,11.359
2019-06-09 16:00:00,4658.0,4725.26,46,11.294
2019-06-10 16:00:00,4876.6,4901.47,46,4.026
2019-06-11 16:00:00,4816.4,4863.49,46,7.683
2019-06-12 16:00:00,4838.6,4877.65,46,6.353
2019-06-13 16:00:00,4769.2,4795.53,46,4.357
2019-06-16 16:00:00,4792.8,4802.82,46,1.655
2019-06-17 16:00:00,4790.8,4797.15,46,1.05
2019-06-18 16:00:00,4855.0,4858.92,46,0.64
2019-06-19 16:00:00,4901.8,4954.73,46,8.477
2019-06-20 16:00:00,4975.0,5021.31,46,7.318
2019-06-23 16:00:00,4974.6,5024.2,46,7.833
2019-06-24 16:00:00,4920.8,4974.99,46,8.643
2019-06-25 16:00:00,4916.2,4962.59,46,7.417
2019-06-26 16:00:00,4957.2,5007.48,46,7.967
2019-06-27 16:00:00,4920.0,4950.48,46,4.885
2019-06-30 16:00:00,5050.0,5100.26,46,7.819
2019-07-01 16:00:00,5033.4,5084.41,46,7.961
2019-07-02 16:00:00,5004.6,5040.72,46,5.686
2019-07-03 16:00:00,4984.0,5025.02,46,6.477
2019-07-04 16:00:00,5017.0,5042.66,46,4.038
2019-07-07 16:00:00,4821.6,4870.78,46,8.012
2019-07-08 16:00:00,4829.4,4881.62,46,8.488
2019-07-09 16:00:00,4809.8,4843.86,46,5.579
2019-07-10 16:00:00,4800.6,4844.55,46,7.198
2019-07-11 16:00:00,4843.0,4861.57,46,3.031
2019-07-14 16:00:00,4906.0,4925.32,46,3.112
2019-07-15 16:00:00,4921.2,4932.05,46,1.746
2019-07-16 16:00:00,4911.4,4929.09,46,2.848
2019-07-17 16:00:00,4848.2,4844.11,46,-0.67
2019-07-18 16:00:00,4823.4,4878.69,46,8.992
2019-07-21 16:00:00,4733.2,4776.57,46,7.205
2019-07-22 16:00:00,4776.4,4823.92,46,7.816
2019-07-23 16:00:00,4820.4,4873.03,46,8.57
2019-07-24 16:00:00,4846.4,4891.64,46,7.338
2019-07-25 16:00:00,4859.2,4898.11,46,6.303
2019-07-28 16:00:00,4844.0,4897.02,46,8.591
2019-07-29 16:00:00,4877.6,4922.92,46,7.305
2019-07-30 16:00:00,4874.0,4903.2,46,4.725
2019-07-31 16:00:00,4841.0,4870.47,46,4.801
2019-08-01 16:00:00,4779.2,4809.92,46,5.068
2019-08-04 16:00:00,4725.0,4751.98,46,4.505
2019-08-05 16:00:00,4626.8,4650.56,46,4.054
2019-08-06 16:00:00,4591.6,4626.36,46,5.962
2019-08-07 16:00:00,4616.6,4656.1,46,6.731
2019-08-08 16:00:00,4570.6,4600.35,46,5.131
2019-08-11 16:00:00,4665.8,4685.05,46,3.26
2019-08-12 16:00:00,4646.8,4658.39,46,1.974
2019-08-13 16:00:00,4672.0,4683.84,46,2.006
2019-08-14 16:00:00,4652.6,4706.55,46,9.095
2019-08-15 16:00:00,4664.8,4722.66,46,9.721
2019-08-18 16:00:00,4853.8,4875.04,46,3.457
2019-08-19 16:00:00,4831.8,4872.61,46,6.646
2019-08-20 16:00:00,4842.8,4882.72,46,6.487
2019-08-21 16:00:00,4837.2,4887.91,46,8.232
2019-08-22 16:00:00,4841.8,4887.9,46,7.484
2019-08-25 16:00:00,4815.0,4855.46,46,6.612
2019-08-26 16:00:00,4874.4,4936.12,46,9.921
2019-08-27 16:00:00,4885.8,4928.19,46,6.825
2019-08-28 16:00:00,4891.2,4934.18,46,6.912
2019-08-29 16:00:00,4859.0,4886.49,46,4.464
2019-09-01 16:00:00,4977.4,5008.3,46,4.896
2019-09-02 16:00:00,5004.0,5044.18,46,6.321
2019-09-03 16:00:00,5098.0,5093.27,46,-0.737
2019-09-04 16:00:00,5125.8,5138.41,46,1.947
2019-09-05 16:00:00,5151.4,5154.64,46,0.499
2019-09-08 16:00:00,5248.6,5263.46,46,2.24
2019-09-09 16:00:00,5236.4,5245.31,46,1.348
2019-09-10 16:00:00,5218.0,5217.29,46,-0.108
2019-09-11 16:00:00,5240.2,5242.61,46,0.365
2019-09-15 16:00:00,5237.4,5250.34,46,1.956
2019-09-16 16:00:00,5130.0,5140.45,46,1.613
2019-09-17 16:00:00,5130.8,5141.04,46,1.58
2019-09-18 16:00:00,5150.6,5191.67,46,6.277
2019-09-19 16:00:00,5147.4,5204.48,46,8.702
2019-09-22 16:00:00,5139.4,5171.48,46,4.922
2019-09-23 16:00:00,5127.2,5180.74,46,8.2
2019-09-24 16:00:00,5047.6,5087.01,46,6.147
2019-09-25 16:00:00,4953.2,4970.24,46,2.72
2019-09-26 16:00:00,4978.6,5005.63,46,4.285
2019-09-29 16:00:00,4894.0,4940.9,46,7.532
2019-10-07 16:00:00,4916.6,4941.76,46,4.04
2019-10-08 16:00:00,4959.8,4982.95,46,3.686
2019-10-09 16:00:00,5023.2,5046.36,46,3.642
2019-10-10 16:00:00,5055.6,5055.52,46,-0.013
2019-10-13 16:00:00,5103.0,5131.13,46,4.35
2019-10-14 16:00:00,5051.8,5061.0,46,1.442
2019-10-15 16:00:00,5021.0,5038.36,46,2.734
2019-10-16 16:00:00,5028.2,5029.85,46,0.26
2019-10-17 16:00:00,4893.2,4961.81,46,10.972
2019-10-20 16:00:00,4902.6,4951.04,46,7.763
2019-10-21 16:00:00,4954.8,5005.55,46,8.045
2019-10-22 16:00:00,4923.0,4967.19,46,7.059
2019-10-23 16:00:00,4924.0,4958.25,46,5.481
2019-10-24 16:00:00,4974.2,4994.57,46,3.236
2019-10-27 16:00:00,5046.4,5084.47,46,5.941
2019-10-28 16:00:00,4979.6,5007.71,46,4.454
2019-10-29 16:00:00,4916.0,4947.9,46,5.116
2019-10-30 16:00:00,4892.8,4917.42,46,3.973
2019-10-31 16:00:00,4948.2,4962.35,46,2.263
2019-11-03 16:00:00,4957.8,4987.84,46,4.779
2019-11-04 16:00:00,4998.2,5025.3,46,4.279
2019-11-05 16:00:00,4955.4,4974.73,46,3.083
2019-11-06 16:00:00,4990.4,5007.07,46,2.642
2019-11-07 16:00:00,4970.8,4988.29,46,2.782
2019-11-10 16:00:00,4862.0,4876.16,46,2.304
2019-11-11 16:00:00,4867.4,4881.61,46,2.31
2019-11-12 16:00:00,4872.2,4875.54,46,0.544
2019-11-13 16:00:00,4839.2,4912.11,46,11.778
2019-11-14 16:00:00,4820.4,4868.44,46,7.83
2019-11-17 16:00:00,4855.0,4892.46,46,6.075
2019-11-18 16:00:00,4943.6,4975.11,46,5.026
2019-11-19 16:00:00,4900.4,4946.28,46,7.36
2019-11-20 16:00:00,4917.0,4945.72,46,4.608
2019-11-21 16:00:00,4853.0,4904.08,46,8.265
2019-11-24 16:00:00,4874.4,4901.5,46,4.387
2019-11-25 16:00:00,4853.2,4882.16,46,4.707
2019-11-26 16:00:00,4880.2,4904.26,46,3.893
2019-11-27 16:00:00,4875.8,4889.26,46,2.184
2019-11-28 16:00:00,4881.0,4894.94,46,2.26
2019-12-01 16:00:00,4896.0,4905.42,46,1.524
2019-12-02 16:00:00,4924.8,4926.45,46,0.266
2019-12-03 16:00:00,4911.8,4920.67,46,1.43
2019-12-04 16:00:00,4960.2,4967.6,46,1.182
2019-12-05 16:00:00,5015.6,5010.51,46,-0.806
2019-12-08 16:00:00,5025.6,5024.6,46,-0.158
2019-12-09 16:00:00,5050.2,5049.05,46,-0.181
2019-12-10 16:00:00,5031.6,5027.28,46,-0.682
2019-12-11 16:00:00,5017.8,5012.0,46,-0.918
2019-12-12 16:00:00,5093.0,5073.69,46,-3.02
2019-12-15 16:00:00,5164.4,5166.04,46,0.252
2019-12-16 16:00:00,5245.0,5236.06,46,-1.355
2019-12-17 16:00:00,5244.4,5235.12,46,-1.407
2019-12-18 16:00:00,5251.0,5241.74,46,-1.402
2019-12-19 16:00:00,5204.6,5184.68,46,-3.049
2019-12-22 16:00:00,5074.2,5084.35,46,1.584
2019-12-23 16:00:00,5143.2,5162.07,46,2.901
2019-12-24 16:00:00,5167.8,5183.1,46,2.342
2019-12-25 16:00:00,5202.8,5219.14,46,2.484
2019-12-26 16:00:00,5163.6,5179.19,46,2.388
2019-12-29 16:00:00,5245.0,5241.94,46,-0.463
2019-12-30 16:00:00,5269.8,5267.66,46,-0.322
2020-01-01 16:00:00,5361.8,5366.14,46,0.642
2020-01-02 16:00:00,5378.0,5380.64,46,0.389
2020-01-05 16:00:00,5433.0,5434.85,46,0.27
2020-01-06 16:00:00,5501.0,5499.84,46,-0.167
2020-01-07 16:00:00,5433.6,5423.8,46,-1.434
2020-01-08 16:00:00,5498.0,5497.54,46,-0.066
2020-01-09 16:00:00,5468.0,5480.23,46,1.771
2020-01-12 16:00:00,5571.2,5559.63,46,-1.651
2020-01-13 16:00:00,5543.6,5542.33,46,-0.182
2020-01-14 16:00:00,5523.6,5530.03,46,0.923
2020-01-15 16:00:00,5538.4,5527.67,46,-1.54
2020-01-16 16:00:00,5501.2,5510.05,46,1.274
2020-01-19 16:00:00,5598.8,5587.54,46,-1.599
2020-01-20 16:00:00,5516.6,5523.94,46,1.054
2020-01-21 16:00:00,5580.8,5575.51,46,-0.753
2020-01-22 16:00:00,5346.4,5377.74,46,4.624
2020-02-02 16:00:00,4805.4,4910.9,46,17.046
2020-02-03 16:00:00,4953.0,4996.47,46,6.903
2020-02-04 16:00:00,5064.4,5123.96,46,9.223
2020-02-05 16:00:00,5250.4,5282.89,46,4.88
2020-02-06 16:00:00,5300.4,5327.04,46,3.968
2020-02-09 16:00:00,5326.4,5388.43,46,9.134
2020-02-10 16:00:00,5316.4,5361.28,46,6.642
2020-02-11 16:00:00,5437.0,5459.95,46,3.335
2020-02-12 16:00:00,5392.0,5412.84,46,3.055
2020-02-13 16:00:00,5405.6,5420.8,46,2.225
2020-02-16 16:00:00,5595.6,5594.44,46,-0.165
2020-02-17 16:00:00,5628.6,5660.81,46,4.515
2020-02-18 16:00:00,5570.2,5603.26,46,4.682
2020-02-19 16:00:00,5667.8,5706.71,46,5.41
2020-02-20 16:00:00,5775.0,5784.03,46,1.239
2020-02-23 16:00:00,5806.0,5865.47,46,8.045
2020-02-24 16:00:00,5852.6,5897.72,46,6.07
2020-02-25 16:00:00,5715.4,5743.39,46,3.867
2020-02-26 16:00:00,5710.0,5753.73,46,6.031
2020-02-27 16:00:00,5383.0,5451.29,46,9.94
2020-03-01 16:00:00,5598.6,5656.42,46,8.111
2020-03-02 16:00:00,5620.4,5710.02,46,12.454
2020-03-03 16:00:00,5658.4,5716.51,46,8.066
2020-03-04 16:00:00,5728.6,5801.12,46,9.919
2020-03-05 16:00:00,5681.0,5763.86,46,11.407
2020-03-08 16:00:00,5468.4,5525.82,46,8.245
2020-03-09 16:00:00,5635.2,5675.11,46,5.58
2020-03-10 16:00:00,5525.0,5589.53,46,9.161
2020-03-11 16:00:00,5477.0,5493.88,46,2.438
2020-03-12 16:00:00,5447.0,5457.2,46,1.483
2020-03-15 16:00:00,5148.8,5200.11,46,7.829
2020-03-16 16:00:00,5165.4,5212.06,46,7.103
2020-03-17 16:00:00,5087.4,5119.47,46,4.971
2020-03-18 16:00:00,5099.6,5157.82,46,8.957
2020-03-19 16:00:00,5166.8,5219.28,46,7.978
2020-03-22 16:00:00,4964.2,4998.91,46,5.51
2020-03-23 16:00:00,5030.0,5096.04,46,10.283
2020-03-24 16:00:00,5141.6,5217.42,46,11.531
2020-03-25 16:00:00,5089.0,5166.11,46,11.844
2020-03-26 16:00:00,5053.6,5137.34,46,12.934
2020-03-29 16:00:00,4975.2,5027.49,46,8.253
2020-03-30 16:00:00,4958.8,5041.45,46,13.008
2020-03-31 16:00:00,4950.4,5019.22,46,10.88
2020-04-01 16:00:00,5130.4,5147.2,46,2.59
2020-04-02 16:00:00,5061.6,5107.04,46,7.06
2020-04-06 16:00:00,5213.0,5267.07,46,8.146
2020-04-07 16:00:00,5229.2,5271.8,46,6.412
2020-04-08 16:00:00,5273.2,5322.46,46,7.344
2020-04-09 16:00:00,5195.8,5208.51,46,1.936
2020-04-12 16:00:00,5139.8,5169.18,46,4.51
2020-04-13 16:00:00,5262.0,5288.59,46,3.989
2020-04-14 16:00:00,5251.4,5268.75,46,2.613
2020-04-15 16:00:00,5308.4,5316.97,46,1.279
2020-04-16 16:00:00,5251.8,5318.45,46,9.944
2020-04-19 16:00:00,5295.2,5381.79,46,12.767
2020-04-20 16:00:00,5255.8,5343.88,46,13.078
2020-04-21 16:00:00,5319.0,5387.62,46,10.106
2020-04-22 16:00:00,5282.6,5357.79,46,11.135
2020-04-23 16:00:00,5216.2,5273.55,46,8.629
2020-04-26 16:00:00,5202.8,5265.72,46,9.481
2020-04-27 16:00:00,5162.2,5227.85,46,9.964
2020-04-28 16:00:00,5188.2,5226.81,46,5.861
2020-04-29 16:00:00,5332.0,5353.86,46,3.24
2020-05-05 16:00:00,5413.6,5451.32,46,5.49
2020-05-06 16:00:00,5402.6,5445.75,46,6.287
2020-05-07 16:00:00,5479.8,5507.7,46,4.019
2020-05-10 16:00:00,5468.2,5496.19,46,4.041
2020-05-11 16:00:00,5486.0,5512.46,46,3.809
2020-05-12 16:00:00,5519.0,5536.28,46,2.477
2020-05-13 16:00:00,5408.6,5487.11,46,11.353
2020-05-14 16:00:00,5404.6,5507.93,46,14.886
2020-05-17 16:00:00,5389.4,5478.82,46,12.95
2020-05-18 16:00:00,5454.2,5547.88,46,13.398
2020-05-19 16:00:00,5410.2,5489.7,46,11.491
2020-05-20 16:00:00,5343.2,5426.17,46,12.133
2020-05-21 16:00:00,5267.8,5328.23,46,8.999
2020-05-24 16:00:00,5254.6,5316.6,46,9.253
2020-05-25 16:00:00,5343.6,5420.21,46,11.215
2020-05-26 16:00:00,5301.4,5369.5,46,10.063
2020-05-27 16:00:00,5282.6,5361.17,46,11.629
2020-05-28 16:00:00,5318.8,5406.34,46,12.848
2020-05-31 16:00:00,5524.2,5569.48,46,6.451
2020-06-01 16:00:00,5523.0,5566.44,46,6.192
2020-06-02 16:00:00,5512.0,5572.31,46,8.588
2020-06-03 16:00:00,5517.4,5576.75,46,8.445
2020-06-04 16:00:00,5541.0,5585.42,46,6.31
2020-06-07 16:00:00,5522.2,5575.3,46,7.557
2020-06-08 16:00:00,5559.2,5610.38,46,7.238
2020-06-09 16:00:00,5563.4,5615.24,46,7.325
2020-06-10 16:00:00,5556.6,5589.1,46,4.614
2020-06-11 16:00:00,5578.2,5591.49,46,1.886
2020-06-14 16:00:00,5557.0,5590.64,46,4.775
2020-06-15 16:00:00,5678.8,5695.3,46,2.299
2020-06-16 16:00:00,5706.0,5735.42,46,4.07
2020-06-17 16:00:00,5659.6,5734.4,46,10.35
2020-06-18 16:00:00,5713.8,5787.15,46,10.057
2020-06-21 16:00:00,5711.4,5784.03,46,9.964
2020-06-22 16:00:00,5737.2,5804.34,46,9.178
2020-06-23 16:00:00,5744.2,5789.09,46,6.153
2020-06-28 16:00:00,5710.6,5762.44,46,7.138
2020-06-29 16:00:00,5802.4,5864.42,46,8.392
2020-06-30 16:00:00,5829.4,5881.89,46,7.081
2020-07-01 16:00:00,5954.2,5975.28,46,2.799
2020-07-02 16:00:00,6034.8,6051.51,46,2.191
2020-07-05 16:00:00,6305.2,6299.86,46,-0.673
2020-07-06 16:00:00,6400.4,6380.03,46,-2.533
2020-07-07 16:00:00,6515.8,6535.42,46,2.382
2020-07-08 16:00:00,6707.6,6693.75,46,-1.642
2020-07-09 16:00:00,6689.2,6676.44,46,-1.516
2020-07-12 16:00:00,6898.6,6899.52,46,0.106
2020-07-13 16:00:00,6791.0,6807.73,46,1.95
2020-07-14 16:00:00,6635.0,6638.84,46,0.459
2020-07-15 16:00:00,6265.8,6320.0,46,6.805
2020-07-16 16:00:00,6301.0,6344.59,46,5.452
2020-07-19 16:00:00,6446.0,6526.83,46,9.827
2020-07-20 16:00:00,6491.4,6563.32,46,8.695
2020-07-21 16:00:00,6539.0,6620.69,46,9.79
2020-07-22 16:00:00,6548.0,6620.09,46,8.641
2020-07-23 16:00:00,6204.0,6283.98,46,10.099
2020-07-26 16:00:00,6207.6,6298.74,46,11.481
2020-07-27 16:00:00,6252.0,6359.66,46,13.432
2020-07-28 16:00:00,6501.4,6530.27,46,3.508
2020-07-29 16:00:00,6453.0,6511.44,46,7.121
2020-07-30 16:00:00,6516.0,6579.67,46,7.678
2020-08-02 16:00:00,6668.4,6739.81,46,8.407
2020-08-03 16:00:00,6634.4,6697.71,46,7.5
2020-08-04 16:00:00,6683.0,6772.84,46,10.525
2020-08-05 16:00:00,6693.8,6770.3,46,8.966
2020-08-06 16:00:00,6622.2,6688.88,46,7.91
2020-08-09 16:00:00,6663.4,6725.3,46,7.303
2020-08-10 16:00:00,6521.0,6600.85,46,9.599
2020-08-11 16:00:00,6447.6,6528.4,46,9.821
2020-08-12 16:00:00,6475.6,6552.66,46,9.331
2020-08-13 16:00:00,6630.4,6623.56,46,-0.819
2020-08-16 16:00:00,6713.0,6744.55,46,3.712
2020-08-17 16:00:00,6746.6,6789.4,46,5.002
2020-08-18 16:00:00,6639.8,6666.27,46,3.151
2020-08-19 16:00:00,6495.8,6593.78,46,11.791
2020-08-20 16:00:00,6522.2,6643.94,46,14.539
2020-08-23 16:00:00,6543.4,6688.96,46,17.267
2020-08-24 16:00:00,6523.6,6652.55,46,15.38
2020-08-25 16:00:00,6436.0,6525.88,46,10.928
2020-08-26 16:00:00,6509.4,6578.79,46,8.369
2020-08-27 16:00:00,6660.0,6691.21,46,3.701
2020-08-30 16:00:00,6590.0,6668.43,46,9.332
2020-08-31 16:00:00,6655.2,6710.46,46,6.534
2020-09-01 16:00:00,6619.0,6717.56,46,11.642
2020-09-02 16:00:00,6596.0,6662.25,46,7.89
2020-09-03 16:00:00,6578.8,6618.58,46,4.769
2020-09-06 16:00:00,6421.0,6478.81,46,7.08
2020-09-07 16:00:00,6491.0,6525.1,46,4.147
2020-09-08 16:00:00,6326.0,6349.22,46,2.902
2020-09-09 16:00:00,6222.0,6235.57,46,1.727
2020-09-10 16:00:00,6280.0,6311.97,46,4.019
2020-09-13 16:00:00,6332.6,6351.24,46,2.329
2020-09-14 16:00:00,6366.2,6387.88,46,2.693
2020-09-15 16:00:00,6353.6,6353.84,46,0.03
2020-09-16 16:00:00,6291.8,6367.02,46,9.374
2020-09-17 16:00:00,6437.6,6469.47,46,3.909
2020-09-20 16:00:00,6373.8,6445.96,46,8.883
2020-09-21 16:00:00,6292.2,6358.65,46,8.292
2020-09-22 16:00:00,6323.0,6392.03,46,8.569
2020-09-23 16:00:00,6190.2,6244.64,46,6.917
2020-09-24 16:00:00,6209.6,6236.89,46,3.472
2020-09-27 16:00:00,6157.2,6178.47,46,2.732
2020-09-28 16:00:00,6213.4,6228.77,46,1.958
2020-09-29 16:00:00,6163.0,6192.5,46,3.78
2020-10-08 16:00:00,6332.6,6357.97,46,3.166
2020-10-11 16:00:00,6539.8,6541.18,46,0.167
2020-10-12 16:00:00,6538.4,6551.4,46,1.575
2020-10-13 16:00:00,6511.0,6508.37,46,-0.321
2020-10-14 16:00:00,6466.0,6460.04,46,-0.732
2020-10-15 16:00:00,6356.0,6428.68,46,8.971
2020-10-18 16:00:00,6281.6,6358.32,46,9.574
2020-10-19 16:00:00,6356.4,6423.11,46,8.241
2020-10-20 16:00:00,6289.6,6350.01,46,7.549
2020-10-21 16:00:00,6261.2,6317.14,46,7.026
2020-10-22 16:00:00,6168.8,6213.26,46,5.678
2020-10-25 16:00:00,6180.2,6214.38,46,4.364
2020-10-26 16:00:00,6172.8,6221.34,46,6.191
2020-10-27 16:00:00,6211.6,6246.0,46,4.37
2020-10-28 16:00:00,6231.0,6255.19,46,3.069
2020-10-29 16:00:00,6068.2,6111.48,46,5.619
2020-11-01 16:00:00,6109.8,6143.12,46,4.304
2020-11-02 16:00:00,6209.2,6241.77,46,4.14
2020-11-03 16:00:00,6200.2,6234.16,46,4.322
2020-11-04 16:00:00,6333.8,6351.98,46,2.271
2020-11-05 16:00:00,6288.4,6301.25,46,1.618
2020-11-08 16:00:00,6383.2,6421.65,46,4.751
2020-11-09 16:00:00,6344.2,6373.09,46,3.597
2020-11-10 16:00:00,6268.4,6294.61,46,3.304
2020-11-11 16:00:00,6290.2,6315.49,46,3.177
2020-11-12 16:00:00,6292.2,6306.97,46,1.858
2020-11-15 16:00:00,6370.8,6387.37,46,2.058
2020-11-16 16:00:00,6334.0,6336.94,46,0.368
2020-11-17 16:00:00,6330.4,6341.01,46,1.328
2020-11-18 16:00:00,6320.6,6360.6,46,4.99
2020-11-19 16:00:00,6379.2,6422.99,46,5.41
2020-11-22 16:00:00,6434.0,6472.93,46,4.772
2020-11-23 16:00:00,6425.2,6475.19,46,6.126
2020-11-24 16:00:00,6325.4,6350.37,46,3.12
2020-11-25 16:00:00,6314.4,6334.3,46,2.493
2020-11-26 16:00:00,6344.0,6351.61,46,0.951
2020-11-29 16:00:00,6293.0,6320.94,46,3.507
2020-11-30 16:00:00,6406.6,6426.62,46,2.472
2020-12-01 16:00:00,6402.0,6434.98,46,4.067
2020-12-02 16:00:00,6429.4,6440.88,46,1.414
2020-12-03 16:00:00,6458.4,6464.73,46,0.777
2020-12-06 16:00:00,6397.6,6424.68,46,3.345
2020-12-07 16:00:00,6402.8,6423.65,46,2.575
2020-12-08 16:00:00,6305.0,6307.22,46,0.279
2020-12-09 16:00:00,6315.6,6320.1,46,0.565
2020-12-10 16:00:00,6196.4,6209.43,46,1.665
2020-12-13 16:00:00,6253.2,6259.02,46,0.738
2020-12-14 16:00:00,6256.8,6265.58,46,1.112
2020-12-15 16:00:00,6239.6,6235.44,46,-0.529
2020-12-16 16:00:00,6313.8,6308.9,46,-0.616
2020-12-17 16:00:00,6246.6,6291.92,46,5.715
2020-12-20 16:00:00,6354.8,6398.6,46,5.432
2020-12-21 16:00:00,6238.8,6250.06,46,1.43
2020-12-22 16:00:00,6270.6,6307.6,46,4.654
2020-12-23 16:00:00,6191.2,6205.22,46,1.793
2020-12-24 16:00:00,6262.0,6278.5,46,2.085
2020-12-27 16:00:00,6214.8,6244.48,46,3.771
2020-12-28 16:00:00,6198.4,6199.85,46,0.186
2020-12-29 16:00:00,6248.0,6269.25,46,2.69
2020-12-30 16:00:00,6348.0,6367.11,46,2.382
2021-01-03 16:00:00,6434.2,6482.79,46,5.947
2021-01-04 16:00:00,6476.6,6539.73,46,7.66
2021-01-05 16:00:00,6485.0,6528.14,46,5.244
2021-01-06 16:00:00,6526.0,6538.12,46,1.471
2021-01-07 16:00:00,6550.6,6557.6,46,0.847
2021-01-10 16:00:00,6446.8,6455.4,46,1.057
2021-01-11 16:00:00,6521.6,6543.23,46,2.623
2021-01-12 16:00:00,6487.2,6496.91,46,1.186
2021-01-13 16:00:00,6446.6,6439.89,46,-0.827
2021-01-14 16:00:00,6351.0,6417.5,46,8.222
2021-01-17 16:00:00,6442.2,6514.46,46,8.801
2021-01-18 16:00:00,6410.8,6476.37,46,8.034
2021-01-19 16:00:00,6479.4,6535.42,46,6.801
2021-01-20 16:00:00,6565.4,6622.5,46,6.841
2021-01-21 16:00:00,6566.6,6637.81,46,8.512
2021-01-24 16:00:00,6560.4,6645.31,46,10.139
2021-01-25 16:00:00,6486.0,6532.96,46,5.704
2021-01-26 16:00:00,6480.0,6557.16,46,9.337
2021-01-27 16:00:00,6394.4,6414.38,46,2.472
2021-01-28 16:00:00,6313.6,6346.14,46,4.069
2021-01-31 16:00:00,6357.8,6393.28,46,4.403
2021-02-01 16:00:00,6409.0,6454.79,46,5.629
2021-02-02 16:00:00,6379.0,6399.33,46,2.521
2021-02-03 16:00:00,6320.8,6328.79,46,1.002
2021-02-04 16:00:00,6231.2,6239.87,46,1.102
2021-02-07 16:00:00,6313.8,6323.16,46,1.175
2021-02-08 16:00:00,6435.8,6457.88,46,2.713
2021-02-09 16:00:00,6492.0,6525.17,46,4.034
2021-02-17 16:00:00,6579.6,6614.54,46,4.191
2021-02-18 16:00:00,6630.0,6703.48,46,8.698
2021-02-21 16:00:00,6576.8,6657.06,46,9.566
2021-02-22 16:00:00,6569.8,6631.23,46,7.351
2021-02-23 16:00:00,6491.2,6536.19,46,5.462
2021-02-24 16:00:00,6472.2,6499.15,46,3.29
2021-02-25 16:00:00,6320.4,6364.35,46,5.479
2021-02-28 16:00:00,6438.0,6488.44,46,6.168
2021-03-01 16:00:00,6380.6,6433.33,46,6.504
2021-03-02 16:00:00,6463.0,6524.75,46,7.509
2021-03-03 16:00:00,6372.8,6401.99,46,3.618
2021-03-04 16:00:00,6399.0,6403.5,46,0.558
2021-03-07 16:00:00,6243.6,6256.41,46,1.625
2021-03-08 16:00:00,6126.4,6108.0,46,-2.39
2021-03-09 16:00:00,6042.8,6062.26,46,2.547
2021-03-10 16:00:00,6212.4,6213.83,46,0.183
2021-03-11 16:00:00,6215.2,6222.38,46,0.916
2021-03-14 16:00:00,6183.0,6173.87,46,-1.173
2021-03-15 16:00:00,6179.2,6195.24,46,2.054
2021-03-16 16:00:00,6213.2,6225.36,46,1.55
2021-03-17 16:00:00,6263.0,6273.86,46,1.374
2021-03-18 16:00:00,6169.0,6206.6,46,4.807
2021-03-21 16:00:00,6246.0,6305.69,46,7.511
2021-03-22 16:00:00,6188.0,6219.17,46,3.977
2021-03-23 16:00:00,6133.4,6142.54,46,1.181
2021-03-24 16:00:00,6155.6,6157.41,46,0.233
2021-03-25 16:00:00,6232.4,6251.79,46,2.461
2021-03-28 16:00:00,6230.6,6254.94,46,3.088
2021-03-29 16:00:00,6245.0,6280.36,46,4.467
2021-03-30 16:00:00,6237.8,6254.07,46,2.064
2021-03-31 16:00:00,6291.0,6311.66,46,2.597
2021-04-01 16:00:00,6296.4,6326.61,46,3.789
2021-04-05 16:00:00,6300.6,6343.1,46,5.316
2021-04-06 16:00:00,6314.0,6348.08,46,4.26
2021-04-07 16:00:00,6345.8,6356.75,46,1.367
2021-04-08 16:00:00,6326.8,6335.24,46,1.057
2021-04-11 16:00:00,6237.2,6226.42,46,-1.374
2021-04-12 16:00:00,6219.8,6209.78,46,-1.28
2021-04-13 16:00:00,6271.0,6277.21,46,0.785
2021-04-14 16:00:00,6235.2,6276.46,46,5.216
2021-04-15 16:00:00,6325.4,6339.59,46,1.776
2021-04-18 16:00:00,6385.4,6425.26,46,4.922
2021-04-19 16:00:00,6400.0,6428.54,46,3.523
2021-04-20 16:00:00,6385.4,6420.26,46,4.308
2021-04-21 16:00:00,6397.4,6445.47,46,5.918
2021-04-22 16:00:00,6443.0,6462.76,46,2.426
2021-04-25 16:00:00,6417.6,6442.65,46,3.085
2021-04-26 16:00:00,6413.2,6446.28,46,4.072
2021-04-27 16:00:00,6462.4,6489.74,46,3.343
2021-04-28 16:00:00,6464.0,6491.93,46,3.414
2021-04-29 16:00:00,6477.6,6485.71,46,0.992
2021-05-05 16:00:00,6446.2,6489.35,46,5.276
2021-05-06 16:00:00,6430.2,6444.44,46,1.753
2021-05-09 16:00:00,6443.8,6475.99,46,3.944
2021-05-10 16:00:00,6437.8,6456.04,46,2.242
2021-05-11 16:00:00,6506.6,6512.05,46,0.664
2021-05-12 16:00:00,6435.0,6439.03,46,0.497
2021-05-13 16:00:00,6545.2,6525.8,46,-2.359
2021-05-16 16:00:00,6572.2,6578.14,46,0.717
2021-05-17 16:00:00,6595.0,6599.6,46,0.553
2021-05-18 16:00:00,6586.8,6584.39,46,-0.29
2021-05-19 16:00:00,6524.0,6548.71,46,2.994
2021-05-20 16:00:00,6495.2,6527.86,46,3.97
2021-05-23 16:00:00,6515.0,6544.12,46,3.531
2021-05-24 16:00:00,6589.0,6619.67,46,3.676
2021-05-25 16:00:00,6600.8,6628.21,46,3.281
2021-05-26 16:00:00,6645.6,6685.41,46,4.725
2021-05-27 16:00:00,6651.8,6668.17,46,1.948
2021-05-30 16:00:00,6679.0,6728.99,46,5.895
2021-05-31 16:00:00,6675.4,6739.76,46,7.577
2021-06-01 16:00:00,6645.0,6681.43,46,4.326
2021-06-02 16:00:00,6601.0,6667.73,46,7.941
2021-06-03 16:00:00,6669.0,6693.06,46,2.852
2021-06-06 16:00:00,6669.6,6721.5,46,6.127
2021-06-07 16:00:00,6653.0,6684.56,46,3.746
2021-06-08 16:00:00,6658.0,6692.9,46,4.138
2021-06-09 16:00:00,6746.2,6765.64,46,2.28
2021-06-10 16:00:00,6726.0,6725.92,46,-0.009
2021-06-14 16:00:00,6652.4,6663.66,46,1.341
2021-06-15 16:00:00,6571.4,6566.29,46,-0.617
2021-06-16 16:00:00,6558.2,6616.17,46,6.952
2021-06-17 16:00:00,6614.2,6657.76,46,5.192
2021-06-20 16:00:00,6654.8,6707.18,46,6.197
2021-06-21 16:00:00,6678.2,6739.79,46,7.251
2021-06-22 16:00:00,6755.2,6789.95,46,4.061
2021-06-23 16:00:00,6739.6,6754.87,46,1.794
2021-06-24 16:00:00,6799.8,6813.41,46,1.585
2021-06-27 16:00:00,6793.0,6828.52,46,4.127
2021-06-28 16:00:00,6744.8,6765.42,46,2.418
2021-06-29 16:00:00,6764.0,6808.18,46,5.149
2021-06-30 16:00:00,6686.2,6716.67,46,3.6
2021-07-01 16:00:00,6639.0,6658.05,46,2.27
2021-07-04 16:00:00,6678.4,6711.01,46,3.856
2021-07-05 16:00:00,6675.2,6709.5,46,4.056
2021-07-06 16:00:00,6739.0,6764.13,46,2.948
2021-07-07 16:00:00,6721.8,6748.65,46,3.157
2021-07-08 16:00:00,6784.2,6804.54,46,2.372
2021-07-11 16:00:00,6866.0,6904.38,46,4.411
2021-07-12 16:00:00,6941.6,6961.85,46,2.308
2021-07-13 16:00:00,6909.2,6898.75,46,-1.202
2021-07-14 16:00:00,6873.8,6932.41,46,6.708
2021-07-15 16:00:00,6886.6,6925.12,46,4.414
2021-07-18 16:00:00,6853.6,6889.34,46,4.116
2021-07-19 16:00:00,6860.4,6901.13,46,4.683
2021-07-20 16:00:00,6939.2,6984.54,46,5.151
2021-07-21 16:00:00,6975.4,7026.55,46,5.776
2021-07-22 16:00:00,6947.0,6985.75,46,4.401
2021-07-25 16:00:00,6827.2,6868.21,46,4.738
2021-07-26 16:00:00,6719.4,6719.26,46,-0.017
2021-07-27 16:00:00,6628.0,6621.98,46,-0.721
2021-07-28 16:00:00,6736.8,6758.89,46,2.593
2021-07-29 16:00:00,6758.6,6767.32,46,1.022
2021-08-01 16:00:00,6833.8,6872.0,46,4.411
2021-08-02 16:00:00,6795.8,6816.01,46,2.353
2021-08-03 16:00:00,6867.2,6931.34,46,7.343
2021-08-04 16:00:00,6867.4,6911.83,46,5.101
2021-08-05 16:00:00,6898.2,6938.87,46,4.651
2021-08-08 16:00:00,6913.8,6979.53,46,7.473
2021-08-09 16:00:00,6963.6,7019.23,46,6.289
2021-08-10 16:00:00,6996.2,7073.52,46,8.673
2021-08-11 16:00:00,7054.6,7095.2,46,4.54
2021-08-12 16:00:00,7080.0,7088.89,46,0.995
2021-08-15 16:00:00,7045.4,7052.49,46,0.798
2021-08-16 16:00:00,6894.6,6894.4,46,-0.023
2021-08-17 16:00:00,6916.6,6941.01,46,2.79
2021-08-18 16:00:00,6885.0,6947.06,46,7.088
2021-08-19 16:00:00,6861.8,6920.02,46,6.676
2021-08-22 16:00:00,6946.8,7024.56,46,8.784
2021-08-23 16:00:00,7024.4,7090.78,46,7.428
2021-08-24 16:00:00,7061.6,7153.0,46,10.139
2021-08-25 16:00:00,7061.2,7118.84,46,6.425
2021-08-26 16:00:00,7106.8,7180.11,46,8.102
2021-08-29 16:00:00,7123.2,7226.88,46,11.384
2021-08-30 16:00:00,7155.2,7255.34,46,10.952
2021-08-31 16:00:00,7119.0,7193.1,46,8.174
2021-09-01 16:00:00,7218.8,7307.01,46,9.579
2021-09-02 16:00:00,7217.0,7278.68,46,6.724
2021-09-05 16:00:00,7258.6,7355.4,46,10.442
2021-09-06 16:00:00,7444.8,7498.93,46,5.728
2021-09-07 16:00:00,7482.4,7544.04,46,6.483
2021-09-08 16:00:00,7560.8,7617.45,46,5.901
2021-09-09 16:00:00,7593.8,7607.67,46,1.447
2021-09-12 16:00:00,7596.4,7648.75,46,5.431
2021-09-13 16:00:00,7545.2,7556.62,46,1.199
2021-09-14 16:00:00,7571.8,7592.31,46,2.144
2021-09-15 16:00:00,7363.4,7446.94,46,8.901
2021-09-16 16:00:00,7321.0,7395.56,46,8.0
2021-09-21 16:00:00,7385.8,7453.62,46,7.22
2021-09-22 16:00:00,7425.0,7502.84,46,8.232
2021-09-23 16:00:00,7370.0,7380.38,46,1.116
2021-09-26 16:00:00,7178.2,7170.59,46,-0.842
2021-09-27 16:00:00,7187.0,7198.9,46,1.312
2021-09-28 16:00:00,7047.0,7010.22,46,-4.163
2021-09-29 16:00:00,7095.2,7103.61,46,0.939
2021-10-07 16:00:00,7081.4,7091.34,46,1.112
2021-10-10 16:00:00,7083.0,7090.47,46,0.836
2021-10-11 16:00:00,6946.2,6952.19,46,0.684
2021-10-12 16:00:00,6981.0,6981.59,46,0.067
2021-10-13 16:00:00,6960.4,7008.33,46,5.427
2021-10-14 16:00:00,7019.8,7024.16,46,0.493
2021-10-17 16:00:00,7021.0,7068.1,46,5.288
2021-10-18 16:00:00,7070.0,7120.38,46,5.614
2021-10-19 16:00:00,7075.6,7118.8,46,4.815
2021-10-20 16:00:00,7054.0,7098.25,46,4.946
2021-10-21 16:00:00,7004.2,7026.07,46,2.47
2021-10-24 16:00:00,7059.0,7103.99,46,5.025
2021-10-25 16:00:00,7063.6,7102.43,46,4.338
2021-10-26 16:00:00,6998.0,7048.6,46,5.696
2021-10-27 16:00:00,6941.0,6950.28,46,1.059
2021-10-28 16:00:00,7015.4,7022.5,46,0.802
2021-10-31 16:00:00,7043.6,7060.76,46,1.928
2021-11-01 16:00:00,6988.6,6985.1,46,-0.398
2021-11-02 16:00:00,7009.4,7017.85,46,0.955
2021-11-03 16:00:00,7066.2,7073.85,46,0.858
2021-11-04 16:00:00,7003.6,6991.91,46,-1.327
2021-11-07 16:00:00,7022.2,7026.97,46,0.539
2021-11-08 16:00:00,7071.2,7081.75,46,1.182
2021-11-09 16:00:00,7055.6,7062.33,46,0.756
2021-11-10 16:00:00,7114.0,7119.86,46,0.653
2021-11-11 16:00:00,7165.0,7156.61,46,-0.93
2021-11-14 16:00:00,7104.8,7098.21,46,-0.737
2021-11-15 16:00:00,7054.8,7045.94,46,-0.998
2021-11-16 16:00:00,7094.2,7104.53,46,1.154
2021-11-17 16:00:00,7056.0,7084.68,46,3.212
2021-11-18 16:00:00,7170.0,7169.88,46,-0.013
2021-11-21 16:00:00,7210.2,7255.07,46,4.907
2021-11-22 16:00:00,7225.0,7261.38,46,3.975
2021-11-23 16:00:00,7221.4,7256.11,46,3.796
2021-11-24 16:00:00,7218.0,7233.54,46,1.705
2021-11-25 16:00:00,7196.4,7219.86,46,2.578
2021-11-28 16:00:00,7215.2,7221.9,46,0.736
2021-11-29 16:00:00,7221.2,7252.76,46,3.453
2021-11-30 16:00:00,7267.2,7272.84,46,0.615
2021-12-01 16:00:00,7215.2,7229.99,46,1.623
2021-12-02 16:00:00,7288.0,7301.92,46,1.513
2021-12-05 16:00:00,7215.2,7240.46,46,2.768
2021-12-06 16:00:00,7177.2,7206.83,46,3.262
2021-12-07 16:00:00,7277.6,7302.99,46,2.759
2021-12-08 16:00:00,7302.4,7320.32,46,1.942
2021-12-09 16:00:00,7322.0,7306.65,46,-1.667
2021-12-12 16:00:00,7334.6,7353.03,46,1.989
2021-12-13 16:00:00,7332.2,7324.13,46,-0.874
2021-12-14 16:00:00,7314.6,7314.26,46,-0.037
2021-12-15 16:00:00,7353.0,7381.0,46,3.01
2021-12-16 16:00:00,7316.0,7314.56,46,-0.156
2021-12-19 16:00:00,7230.0,7195.97,46,-3.752
2021-12-20 16:00:00,7268.8,7275.47,46,0.727
2021-12-21 16:00:00,7297.0,7302.46,46,0.593
2021-12-22 16:00:00,7342.8,7337.19,46,-0.607
2021-12-23 16:00:00,7309.4,7278.76,46,-3.34
2021-12-26 16:00:00,7298.4,7272.75,46,-2.798
2021-12-27 16:00:00,7310.0,7286.03,46,-2.61
2021-12-28 16:00:00,7291.2,7247.77,46,-4.755
2021-12-29 16:00:00,7342.8,7310.96,46,-3.456
2021-12-30 16:00:00,7371.8,7359.4,46,-1.337
2022-01-03 16:00:00,7371.0,7354.46,46,-1.785
2022-01-04 16:00:00,7221.8,7222.67,46,0.096
2022-01-05 16:00:00,7225.2,7229.96,46,0.522
2022-01-06 16:00:00,7192.0,7175.68,46,-1.805
2022-01-09 16:00:00,7191.0,7191.45,46,0.05
2022-01-10 16:00:00,7157.8,7135.22,46,-2.511
2022-01-11 16:00:00,7200.0,7196.93,46,-0.338
2022-01-12 16:00:00,7118.8,7097.76,46,-2.352
2022-01-13 16:00:00,7088.4,7081.14,46,-0.814
2022-01-16 16:00:00,7154.6,7157.86,46,0.361
2022-01-17 16:00:00,7166.0,7163.16,46,-0.315
2022-01-18 16:00:00,7122.2,7118.76,46,-0.383
2022-01-19 16:00:00,7085.8,7056.79,46,-3.262
2022-01-20 16:00:00,7009.2,6976.62,46,-3.705
2022-01-23 16:00:00,7004.2,6979.25,46,-2.837
2022-01-24 16:00:00,6762.2,6743.96,46,-2.146
2022-01-25 16:00:00,6786.2,6782.58,46,-0.423
2022-01-26 16:00:00,6622.0,6605.92,46,-1.931
2022-01-27 16:00:00,6561.0,6580.53,46,2.355
2022-02-06 16:00:00,6661.6,6676.61,46,1.784
2022-02-07 16:00:00,6742.4,6742.19,46,-0.025
2022-02-08 16:00:00,6841.8,6843.03,46,0.143
2022-02-09 16:00:00,6836.4,6840.48,46,0.473
2022-02-10 16:00:00,6753.8,6745.02,46,-1.033
2022-02-13 16:00:00,6699.2,6695.7,46,-0.415
2022-02-14 16:00:00,6755.4,6760.28,46,0.573
2022-02-15 16:00:00,6767.4,6772.03,46,0.542
2022-02-16 16:00:00,6764.0,6768.79,46,0.562
2022-02-17 16:00:00,6829.4,6835.02,46,0.652
2022-02-20 16:00:00,6843.2,6867.11,46,2.763
2022-02-21 16:00:00,6785.6,6784.76,46,-0.098
2022-02-22 16:00:00,6885.2,6887.42,46,0.256
2022-02-23 16:00:00,6773.6,6764.88,46,-1.023
2022-02-24 16:00:00,6818.2,6819.43,46,0.143
2022-02-27 16:00:00,6848.0,6853.31,46,0.615
2022-02-28 16:00:00,6858.6,6874.04,46,1.782
2022-03-01 16:00:00,6867.4,6875.24,46,0.905
2022-03-02 16:00:00,6853.4,6859.55,46,0.711
2022-03-03 16:00:00,6817.0,6803.83,46,-1.536
2022-03-06 16:00:00,6660.6,6659.39,46,-0.144
2022-03-07 16:00:00,6395.8,6429.89,46,4.207
2022-03-08 16:00:00,6280.8,6305.61,46,3.122
2022-03-09 16:00:00,6376.2,6414.94,46,4.792
2022-03-10 16:00:00,6481.2,6474.13,46,-0.867
2022-03-13 16:00:00,6312.6,6323.58,46,1.378
2022-03-14 16:00:00,5903.0,5964.98,46,8.245
2022-03-15 16:00:00,6153.2,6156.27,46,0.396
2022-03-16 16:00:00,6225.2,6267.52,46,5.358
2022-03-17 16:00:00,6293.0,6332.22,46,4.915
2022-03-20 16:00:00,6304.6,6358.94,46,6.781
2022-03-21 16:00:00,6308.0,6358.11,46,6.254
2022-03-22 16:00:00,6352.6,6398.1,46,5.643
2022-03-23 16:00:00,6299.8,6344.11,46,5.542
2022-03-24 16:00:00,6211.0,6268.24,46,7.246
2022-03-27 16:00:00,6258.8,6283.28,46,3.091
2022-03-28 16:00:00,6216.0,6253.07,46,4.704
2022-03-29 16:00:00,6375.0,6377.87,46,0.357
2022-03-30 16:00:00,6318.6,6324.96,46,0.798
2022-03-31 16:00:00,6368.4,6364.52,46,-0.484
2022-04-05 16:00:00,6349.0,6356.93,46,0.99
2022-04-06 16:00:00,6195.4,6221.59,46,3.34
2022-04-07 16:00:00,6210.0,6224.12,46,1.8
2022-04-10 16:00:00,6007.0,6029.89,46,3.012
2022-04-11 16:00:00,6130.4,6126.91,46,-0.452
2022-04-12 16:00:00,6045.0,6044.33,46,-0.088
2022-04-13 16:00:00,6087.4,6126.49,46,5.063
2022-04-14 16:00:00,6018.0,6070.75,46,6.895
2022-04-17 16:00:00,6051.0,6074.01,46,3.006
2022-04-18 16:00:00,6066.6,6092.4,46,3.36
2022-04-19 16:00:00,5904.2,5956.92,46,7.022
2022-04-20 16:00:00,5719.4,5759.8,46,5.566
2022-04-21 16:00:00,5686.6,5740.98,46,7.516
2022-04-24 16:00:00,5316.8,5369.72,46,7.82
2022-04-25 16:00:00,5170.8,5234.01,46,9.583
2022-04-26 16:00:00,5414.4,5437.04,46,3.304
2022-04-27 16:00:00,5393.0,5418.76,46,3.772
2022-04-28 16:00:00,5619.0,5627.9,46,1.255
2022-05-04 16:00:00,5652.2,5686.7,46,4.814
2022-05-05 16:00:00,5504.2,5563.77,46,8.496
2022-05-08 16:00:00,5547.0,5608.52,46,8.704
2022-05-09 16:00:00,5672.2,5690.09,46,2.495
2022-05-10 16:00:00,5702.4,5737.82,46,4.898
2022-05-11 16:00:00,5718.2,5743.1,46,3.44
2022-05-12 16:00:00,5782.4,5796.8,46,1.971
2022-05-15 16:00:00,5750.0,5791.08,46,5.629
2022-05-16 16:00:00,5797.0,5816.34,46,2.638
2022-05-17 16:00:00,5783.8,5797.49,46,1.874
2022-05-18 16:00:00,5781.2,5838.41,46,7.775
2022-05-19 16:00:00,5891.2,5929.49,46,5.124
2022-05-22 16:00:00,5888.0,5965.73,46,10.339
2022-05-23 16:00:00,5678.2,5745.68,46,9.319
2022-05-24 16:00:00,5768.6,5844.25,46,10.271
2022-05-25 16:00:00,5852.8,5911.56,46,7.887
2022-05-26 16:00:00,5845.0,5899.92,46,7.386
2022-05-29 16:00:00,5872.4,5942.83,46,9.404
2022-05-30 16:00:00,5975.0,6026.24,46,6.747
2022-05-31 16:00:00,5970.0,6023.64,46,7.066
2022-06-01 16:00:00,6050.2,6078.43,46,3.685
2022-06-05 16:00:00,6157.8,6187.44,46,3.801
2022-06-06 16:00:00,6148.0,6186.57,46,4.947
2022-06-07 16:00:00,6190.0,6217.83,46,3.551
2022-06-08 16:00:00,6119.8,6130.69,46,1.409
2022-06-09 16:00:00,6250.4,6240.1,46,-1.31
2022-06-12 16:00:00,6217.8,6233.62,46,2.014
2022-06-13 16:00:00,6281.2,6275.57,46,-0.712
2022-06-14 16:00:00,6251.6,6261.06,46,1.199
2022-06-15 16:00:00,6211.6,6264.82,46,6.741
2022-06-16 16:00:00,6282.4,6316.31,46,4.26
2022-06-19 16:00:00,6265.0,6330.39,46,8.196
2022-06-20 16:00:00,6224.2,6277.0,46,6.674
2022-06-21 16:00:00,6115.2,6179.57,46,8.265
2022-06-22 16:00:00,6273.2,6300.47,46,3.434
2022-06-23 16:00:00,6348.6,6368.28,46,2.452
2022-06-26 16:00:00,6363.6,6407.74,46,5.466
2022-06-27 16:00:00,6477.0,6501.35,46,2.972
2022-06-28 16:00:00,6382.2,6374.3,46,-0.983
2022-06-29 16:00:00,6425.8,6454.08,46,3.477
2022-06-30 16:00:00,6413.2,6438.54,46,3.123
2022-07-03 16:00:00,6491.8,6523.13,46,3.811
2022-07-04 16:00:00,6476.4,6511.53,46,4.281
2022-07-05 16:00:00,6401.6,6418.55,46,2.095
2022-07-06 16:00:00,6421.6,6452.99,46,3.86
2022-07-07 16:00:00,6383.2,6404.44,46,2.632
2022-07-10 16:00:00,6303.8,6319.14,46,1.926
2022-07-11 16:00:00,6225.6,6241.48,46,2.019
2022-07-12 16:00:00,6240.2,6268.49,46,3.581
2022-07-13 16:00:00,6266.4,6302.43,46,4.536
2022-07-14 16:00:00,6142.4,6196.8,46,6.966
2022-07-17 16:00:00,6270.0,6312.36,46,5.325
2022-07-18 16:00:00,6287.4,6335.71,46,6.05
2022-07-19 16:00:00,6373.0,6410.71,46,4.668
2022-07-20 16:00:00,6310.2,6347.6,46,4.675
2022-07-21 16:00:00,6244.8,6289.53,46,5.643
2022-07-24 16:00:00,6173.6,6231.24,46,7.34
2022-07-25 16:00:00,6273.4,6307.96,46,4.347
2022-07-26 16:00:00,6298.0,6332.23,46,4.289
2022-07-27 16:00:00,6305.6,6348.17,46,5.321
2022-07-28 16:00:00,6255.2,6294.11,46,4.905
2022-07-31 16:00:00,6311.4,6347.22,46,4.478
2022-08-01 16:00:00,6167.4,6170.0,46,0.334
2022-08-02 16:00:00,6102.6,6124.31,46,2.813
2022-08-03 16:00:00,6124.4,6158.73,46,4.423
2022-08-04 16:00:00,6258.0,6270.51,46,1.583
2022-08-07 16:00:00,6291.4,6323.07,46,3.974
2022-08-08 16:00:00,6309.4,6341.48,46,4.014
2022-08-09 16:00:00,6291.0,6322.06,46,3.898
2022-08-10 16:00:00,6426.2,6439.36,46,1.622
2022-08-11 16:00:00,6418.4,6420.85,46,0.303
2022-08-14 16:00:00,6429.0,6442.81,46,1.701
2022-08-15 16:00:00,6454.0,6465.19,46,1.373
2022-08-16 16:00:00,6492.4,6493.5,46,0.134
2022-08-17 16:00:00,6439.0,6468.81,46,3.657
2022-08-18 16:00:00,6350.2,6391.72,46,5.154
2022-08-21 16:00:00,6428.6,6472.68,46,5.404
2022-08-22 16:00:00,6432.0,6466.4,46,4.221
2022-08-23 16:00:00,6247.4,6284.58,46,4.694
2022-08-24 16:00:00,6278.4,6322.7,46,5.56
2022-08-25 16:00:00,6269.0,6298.37,46,3.7
2022-08-28 16:00:00,6272.0,6310.4,46,4.828
2022-08-29 16:00:00,6267.0,6285.93,46,2.39
2022-08-30 16:00:00,6139.4,6155.75,46,2.108
2022-08-31 16:00:00,6115.0,6126.77,46,1.524
2022-09-01 16:00:00,6130.2,6149.43,46,2.481
2022-09-04 16:00:00,6158.4,6182.65,46,3.112
2022-09-05 16:00:00,6272.6,6291.57,46,2.392
2022-09-06 16:00:00,6293.0,6301.56,46,1.078
2022-09-07 16:00:00,6269.6,6272.58,46,0.377
2022-09-08 16:00:00,6314.6,6316.97,46,0.298
2022-09-12 16:00:00,6292.6,6300.42,46,0.985
2022-09-13 16:00:00,6252.8,6249.96,46,-0.361
2022-09-14 16:00:00,6068.0,6107.8,46,5.171
2022-09-15 16:00:00,5918.0,5954.5,46,4.864
2022-09-18 16:00:00,5876.8,5913.15,46,4.878
2022-09-19 16:00:00,5918.6,5958.29,46,5.286
2022-09-20 16:00:00,5949.2,5978.58,46,3.899
2022-09-21 16:00:00,5938.6,5965.89,46,3.63
2022-09-22 16:00:00,5873.4,5889.6,46,2.183
2022-09-25 16:00:00,5804.4,5806.32,46,0.262
2022-09-26 16:00:00,5912.6,5920.05,46,0.999
2022-09-27 16:00:00,5772.0,5769.52,46,-0.341
2022-09-28 16:00:00,5790.8,5771.88,46,-2.601
2022-09-29 16:00:00,5710.2,5714.06,46,0.536
2022-10-09 16:00:00,5639.8,5635.71,46,-0.576
2022-10-10 16:00:00,5682.8,5684.51,46,0.239
2022-10-11 16:00:00,5812.8,5820.45,46,1.043
2022-10-12 16:00:00,5830.2,5830.34,46,0.019
2022-10-13 16:00:00,5983.8,5973.44,46,-1.376
2022-10-16 16:00:00,6002.4,6015.6,46,1.741
2022-10-17 16:00:00,6035.2,6035.67,46,0.062
2022-10-18 16:00:00,5981.2,5972.72,46,-1.127
2022-10-19 16:00:00,5938.0,5948.86,46,1.449
2022-10-20 16:00:00,5943.8,5956.88,46,1.742
2022-10-23 16:00:00,5897.2,5896.9,46,-0.04
2022-10-24 16:00:00,5863.6,5869.78,46,0.835
2022-10-25 16:00:00,5975.8,5971.6,46,-0.558
2022-10-26 16:00:00,5971.2,5963.0,46,-1.091
2022-10-27 16:00:00,5771.0,5781.8,46,1.482
2022-10-30 16:00:00,5805.0,5807.11,46,0.288
2022-10-31 16:00:00,5965.4,5941.15,46,-3.239
2022-11-01 16:00:00,6001.4,5997.8,46,-0.476
2022-11-02 16:00:00,6003.0,5996.72,46,-0.831
2022-11-03 16:00:00,6156.2,6133.46,46,-2.942
2022-11-06 16:00:00,6136.4,6141.41,46,0.647
2022-11-07 16:00:00,6144.8,6134.26,46,-1.363
2022-11-08 16:00:00,6123.2,6120.83,46,-0.307
2022-11-09 16:00:00,6106.0,6089.7,46,-2.124
2022-11-10 16:00:00,6139.6,6138.62,46,-0.127
2022-11-13 16:00:00,6126.4,6129.51,46,0.403
2022-11-14 16:00:00,6231.2,6236.38,46,0.659
2022-11-15 16:00:00,6206.4,6203.92,46,-0.317
2022-11-16 16:00:00,6226.8,6217.21,46,-1.224
2022-11-17 16:00:00,6215.6,6191.65,46,-3.069
2022-11-20 16:00:00,6204.2,6189.71,46,-1.858
2022-11-21 16:00:00,6136.6,6125.4,46,-1.451
2022-11-22 16:00:00,6128.6,6115.6,46,-1.687
2022-11-23 16:00:00,6133.4,6120.07,46,-1.728
2022-11-24 16:00:00,6096.2,6087.86,46,-1.087
2022-11-27 16:00:00,6074.8,6055.28,46,-2.558
2022-11-28 16:00:00,6172.8,6163.82,46,-1.156
2022-11-29 16:00:00,6163.8,6156.15,46,-0.986
2022-11-30 16:00:00,6190.0,6186.1,46,-0.5
2022-12-01 16:00:00,6176.0,6168.01,46,-1.028
2022-12-04 16:00:00,6209.6,6215.12,46,0.705
2022-12-05 16:00:00,6214.6,6211.25,46,-0.428
2022-12-06 16:00:00,6201.2,6204.01,46,0.359
2022-12-07 16:00:00,6192.2,6186.28,46,-0.759
2022-12-08 16:00:00,6204.2,6192.3,46,-1.525
2022-12-11 16:00:00,6169.6,6154.81,46,-1.907
2022-12-12 16:00:00,6137.0,6121.66,46,-1.988
2022-12-13 16:00:00,6104.0,6096.39,46,-0.99
2022-12-14 16:00:00,6105.6,6101.88,46,-0.484
2022-12-15 16:00:00,6106.0,6072.86,46,-4.33
2022-12-18 16:00:00,5971.8,5936.48,46,-4.721
2022-12-19 16:00:00,5897.4,5878.03,46,-2.615
2022-12-20 16:00:00,5865.8,5845.84,46,-2.709
2022-12-21 16:00:00,5802.0,5779.06,46,-3.15
2022-12-22 16:00:00,5791.8,5763.35,46,-3.917
2022-12-25 16:00:00,5860.6,5843.26,46,-2.355
2022-12-26 16:00:00,5897.6,5885.66,46,-1.61
2022-12-27 16:00:00,5882.4,5862.1,46,-2.748
2022-12-28 16:00:00,5869.4,5857.4,46,-1.626
2022-12-29 16:00:00,5870.8,5864.47,46,-0.856
2023-01-02 16:00:00,5958.8,5955.9,46,-0.386
2023-01-03 16:00:00,5957.0,5952.45,46,-0.607
2023-01-04 16:00:00,6019.4,6010.46,46,-1.18
2023-01-05 16:00:00,6024.2,6012.82,46,-1.502
2023-01-08 16:00:00,6033.6,6040.02,46,0.843
2023-01-09 16:00:00,6051.8,6048.3,46,-0.459
2023-01-10 16:00:00,6025.2,6014.16,46,-1.457
2023-01-11 16:00:00,6021.6,6015.29,46,-0.832
2023-01-12 16:00:00,6082.0,6057.69,46,-3.184
2023-01-15 16:00:00,6132.0,6126.18,46,-0.754
2023-01-16 16:00:00,6137.2,6132.64,46,-0.59
2023-01-17 16:00:00,6153.4,6151.46,46,-0.25
2023-01-18 16:00:00,6235.8,6204.33,46,-4.025
2023-01-19 16:00:00,6276.2,6251.43,46,-3.144
2023-01-29 16:00:00,6282.6,6283.33,46,0.092
2023-01-30 16:00:00,6302.0,6289.15,46,-1.621
2023-01-31 16:00:00,6361.0,6365.91,46,0.612
2023-02-01 16:00:00,6369.0,6370.14,46,0.142
2023-02-02 16:00:00,6343.2,6343.69,46,0.061
2023-02-05 16:00:00,6312.2,6302.33,46,-1.243
2023-02-06 16:00:00,6320.0,6317.24,46,-0.347
2023-02-07 16:00:00,6266.0,6268.28,46,0.289
2023-02-08 16:00:00,6363.0,6354.56,46,-1.054
2023-02-09 16:00:00,6337.4,6334.25,46,-0.395
2023-02-12 16:00:00,6371.2,6383.83,46,1.57
2023-02-13 16:00:00,6395.8,6397.21,46,0.175
2023-02-14 16:00:00,6379.0,6384.35,46,0.665
2023-02-15 16:00:00,6286.4,6289.48,46,0.389
2023-02-16 16:00:00,6236.6,6237.41,46,0.103
2023-02-19 16:00:00,6327.6,6346.07,46,2.309
2023-02-20 16:00:00,6355.0,6383.42,46,3.533
2023-02-21 16:00:00,6363.0,6375.07,46,1.502
2023-02-22 16:00:00,6351.8,6360.32,46,1.063
2023-02-23 16:00:00,6339.4,6340.84,46,0.18
2023-02-26 16:00:00,6302.6,6307.21,46,0.58
2023-02-27 16:00:00,6345.8,6357.54,46,1.465
2023-02-28 16:00:00,6387.0,6402.14,46,1.876
2023-03-01 16:00:00,6381.0,6382.23,46,0.153
2023-03-02 16:00:00,6372.6,6390.32,46,2.2
2023-03-05 16:00:00,6364.0,6395.22,46,3.874
2023-03-06 16:00:00,6276.6,6284.3,46,0.972
2023-03-07 16:00:00,6288.0,6301.52,46,1.702
2023-03-08 16:00:00,6278.2,6285.95,46,0.978
2023-03-09 16:00:00,6203.0,6204.9,46,0.243
2023-03-12 16:00:00,6241.8,6245.0,46,0.407
2023-03-13 16:00:00,6197.0,6189.4,46,-0.974
2023-03-14 16:00:00,6228.4,6224.64,46,-0.479
2023-03-15 16:00:00,6134.0,6140.83,46,0.883
2023-03-16 16:00:00,6177.4,6183.18,46,0.742
2023-03-19 16:00:00,6165.2,6160.35,46,-0.625
2023-03-20 16:00:00,6226.2,6234.68,46,1.079
2023-03-21 16:00:00,6264.2,6269.74,46,0.701
2023-03-22 16:00:00,6298.8,6305.76,46,0.876
2023-03-23 16:00:00,6308.6,6310.1,46,0.189
2023-03-26 16:00:00,6296.2,6311.6,46,1.936
2023-03-27 16:00:00,6287.8,6279.92,46,-0.996
2023-03-28 16:00:00,6261.2,6260.55,46,-0.082
2023-03-29 16:00:00,6303.0,6286.18,46,-2.123
2023-03-30 16:00:00,6347.0,6339.82,46,-0.899
2023-04-02 16:00:00,6406.0,6413.81,46,0.966
2023-04-03 16:00:00,6415.0,6408.9,46,-0.755
2023-04-05 16:00:00,6411.4,6416.85,46,0.674
2023-04-06 16:00:00,6457.0,6464.47,46,0.917
2023-04-09 16:00:00,6420.4,6410.52,46,-1.223
2023-04-10 16:00:00,6416.0,6420.88,46,0.603
2023-04-11 16:00:00,6436.2,6443.44,46,0.892
2023-04-12 16:00:00,6408.0,6404.65,46,-0.415
2023-04-13 16:00:00,6423.8,6431.07,46,0.897
2023-04-16 16:00:00,6454.4,6459.24,46,0.595
2023-04-17 16:00:00,6439.0,6449.85,46,1.335
2023-04-18 16:00:00,6414.6,6416.97,46,0.293
2023-04-19 16:00:00,6389.0,6411.76,46,2.817
2023-04-20 16:00:00,6240.6,6250.54,46,1.262
2023-04-23 16:00:00,6204.0,6208.78,46,0.611
2023-04-24 16:00:00,6108.6,6118.15,46,1.239
2023-04-25 16:00:00,6131.6,6142.15,46,1.363
2023-04-26 16:00:00,6171.4,6157.94,46,-1.734
2023-04-27 16:00:00,6254.6,6241.24,46,-1.699
2023-05-03 16:00:00,6256.6,6262.39,46,0.734
2023-05-04 16:00:00,6196.4,6200.58,46,0.535
2023-05-07 16:00:00,6229.4,6248.58,46,2.436
2023-05-08 16:00:00,6175.6,6181.98,46,0.819
2023-05-09 16:00:00,6167.2,6173.81,46,0.85
2023-05-10 16:00:00,6147.4,6154.47,46,0.912
2023-05-11 16:00:00,6082.2,6091.65,46,1.231
2023-05-14 16:00:00,6154.2,6159.39,46,0.669
2023-05-15 16:00:00,6113.2,6110.83,46,-0.308
2023-05-16 16:00:00,6116.0,6122.05,46,0.784
2023-05-17 16:00:00,6101.4,6128.18,46,3.467
2023-05-18 16:00:00,6108.8,6117.08,46,1.074
2023-05-21 16:00:00,6093.8,6115.32,46,2.792
2023-05-22 16:00:00,6030.4,6052.43,46,2.888
2023-05-23 16:00:00,5992.8,6005.79,46,1.716
2023-05-24 16:00:00,5966.6,5988.19,46,2.861
2023-05-25 16:00:00,6022.6,6034.98,46,1.628
2023-05-28 16:00:00,6015.8,6025.16,46,1.233
2023-05-29 16:00:00,6047.6,6061.31,46,1.795
2023-05-30 16:00:00,6033.6,6047.8,46,1.863
2023-05-31 16:00:00,6047.0,6051.46,46,0.585
2023-06-01 16:00:00,6096.4,6105.22,46,1.146
2023-06-04 16:00:00,6080.0,6097.11,46,2.227
2023-06-05 16:00:00,5962.0,5983.42,46,2.841
2023-06-06 16:00:00,5971.0,5987.01,46,2.122
2023-06-07 16:00:00,5959.2,5966.15,46,0.924
2023-06-08 16:00:00,6009.4,6009.58,46,0.024
2023-06-11 16:00:00,6016.0,6027.71,46,1.541
2023-06-12 16:00:00,6040.0,6044.04,46,0.53
2023-06-13 16:00:00,6042.8,6044.08,46,0.168
2023-06-14 16:00:00,6077.2,6096.81,46,2.552
2023-06-15 16:00:00,6133.8,6148.01,46,1.834
2023-06-18 16:00:00,6109.8,6131.38,46,2.793
2023-06-19 16:00:00,6106.2,6126.11,46,2.579
2023-06-20 16:00:00,5979.2,5990.85,46,1.543
2023-06-25 16:00:00,5890.0,5887.03,46,-0.4
2023-06-26 16:00:00,5923.0,5948.0,46,3.335
2023-06-27 16:00:00,5931.6,5942.31,46,1.43
2023-06-28 16:00:00,5926.4,5940.58,46,1.894
2023-06-29 16:00:00,5992.8,5998.73,46,0.784
2023-07-02 16:00:00,6020.4,6042.31,46,2.877
2023-07-03 16:00:00,6037.4,6055.26,46,2.34
2023-07-04 16:00:00,6007.2,6020.82,46,1.795
2023-07-05 16:00:00,5966.6,5988.55,46,2.908
2023-07-06 16:00:00,5951.0,5961.61,46,1.412
2023-07-09 16:00:00,5968.2,5984.28,46,2.132
2023-07-10 16:00:00,6019.6,6029.23,46,1.267
2023-07-11 16:00:00,5958.8,5962.79,46,0.531
2023-07-12 16:00:00,6051.2,6044.06,46,-0.937
2023-07-13 16:00:00,6026.2,6030.52,46,0.568
2023-07-16 16:00:00,6006.6,6012.69,46,0.804
2023-07-17 16:00:00,5997.4,6001.8,46,0.582
2023-07-18 16:00:00,5993.2,5993.41,46,0.028
2023-07-19 16:00:00,5918.6,5925.48,46,0.921
2023-07-20 16:00:00,5925.4,5925.63,46,0.031
2023-07-23 16:00:00,5916.4,5916.71,46,0.042
2023-07-24 16:00:00,6019.6,6016.63,46,-0.392
2023-07-25 16:00:00,6005.0,6001.54,46,-0.457
2023-07-26 16:00:00,5964.0,5961.18,46,-0.375
2023-07-27 16:00:00,6052.2,6043.24,46,-1.176
2023-07-30 16:00:00,6094.4,6088.24,46,-0.803
2023-07-31 16:00:00,6099.0,6098.88,46,-0.016
2023-08-01 16:00:00,6075.8,6077.46,46,0.217
2023-08-02 16:00:00,6093.2,6098.69,46,0.714
2023-08-03 16:00:00,6126.6,6128.56,46,0.254
2023-08-06 16:00:00,6104.4,6090.73,46,-1.781
2023-08-07 16:00:00,6077.2,6066.1,46,-1.452
2023-08-08 16:00:00,6036.0,6021.75,46,-1.878
2023-08-09 16:00:00,6030.4,6031.71,46,0.172
2023-08-10 16:00:00,5910.2,5913.35,46,0.423
2023-08-13 16:00:00,5911.8,5916.8,46,0.671
2023-08-14 16:00:00,5880.2,5879.78,46,-0.057
2023-08-15 16:00:00,5843.4,5833.22,46,-1.385
2023-08-16 16:00:00,5882.0,5874.36,46,-1.032
2023-08-17 16:00:00,5787.0,5777.8,46,-1.263
2023-08-20 16:00:00,5714.8,5710.78,46,-0.559
2023-08-21 16:00:00,5731.2,5741.06,46,1.363
2023-08-22 16:00:00,5637.6,5629.5,46,-1.142
2023-08-23 16:00:00,5650.2,5652.67,46,0.347
2023-08-24 16:00:00,5587.8,5581.21,46,-0.937
2023-08-27 16:00:00,5647.2,5644.14,46,-0.43
2023-08-28 16:00:00,5771.2,5770.32,46,-0.121
2023-08-29 16:00:00,5770.6,5775.15,46,0.625
2023-08-30 16:00:00,5742.4,5739.4,46,-0.415
2023-08-31 16:00:00,5751.0,5750.8,46,-0.028
2023-09-03 16:00:00,5833.8,5829.78,46,-0.547
2023-09-04 16:00:00,5787.4,5788.71,46,0.18
2023-09-05 16:00:00,5786.2,5790.38,46,0.573
2023-09-06 16:00:00,5701.6,5702.7,46,0.153
2023-09-07 16:00:00,5697.0,5708.62,46,1.615
2023-09-10 16:00:00,5760.0,5774.73,46,2.024
2023-09-11 16:00:00,5769.0,5770.93,46,0.265
2023-09-12 16:00:00,5712.4,5715.4,46,0.416
2023-09-13 16:00:00,5706.8,5702.1,46,-0.654
2023-09-14 16:00:00,5714.0,5704.66,46,-1.299
2023-09-17 16:00:00,5731.6,5719.69,46,-1.652
2023-09-18 16:00:00,5707.6,5687.9,46,-2.748
2023-09-19 16:00:00,5668.6,5651.01,46,-2.47
2023-09-20 16:00:00,5622.8,5611.92,46,-1.538
2023-09-21 16:00:00,5726.6,5698.82,46,-3.868
2023-09-24 16:00:00,5687.2,5666.66,46,-2.876
2023-09-25 16:00:00,5671.8,5646.65,46,-3.534
2023-09-26 16:00:00,5700.0,5674.35,46,-3.587
2023-09-27 16:00:00,5695.0,5690.77,46,-0.59
2023-10-08 16:00:00,5658.2,5658.08,46,-0.017
2023-10-09 16:00:00,5635.4,5630.37,46,-0.709
2023-10-10 16:00:00,5621.2,5629.79,46,1.211
2023-10-11 16:00:00,5665.8,5671.64,46,0.817
2023-10-12 16:00:00,5643.8,5633.38,46,-1.468
2023-10-15 16:00:00,5586.2,5580.67,46,-0.786
2023-10-16 16:00:00,5589.4,5595.34,46,0.842
2023-10-17 16:00:00,5527.4,5524.6,46,-0.402
2023-10-18 16:00:00,5472.0,5464.03,46,-1.157
2023-10-19 16:00:00,5428.6,5423.67,46,-0.721
2023-10-22 16:00:00,5267.0,5290.33,46,3.499
2023-10-23 16:00:00,5315.8,5352.01,46,5.368
2023-10-24 16:00:00,5347.8,5376.0,46,4.162
2023-10-25 16:00:00,5379.4,5398.93,46,2.87
2023-10-26 16:00:00,5487.0,5492.03,46,0.727
2023-10-29 16:00:00,5527.8,5546.39,46,2.66
2023-10-30 16:00:00,5515.4,5528.24,46,1.843
2023-10-31 16:00:00,5507.2,5509.97,46,0.399
2023-11-01 16:00:00,5459.4,5459.45,46,0.007
2023-11-02 16:00:00,5502.8,5510.36,46,1.089
2023-11-05 16:00:00,5596.0,5605.06,46,1.283
2023-11-06 16:00:00,5598.0,5611.1,46,1.853
2023-11-07 16:00:00,5593.0,5608.02,46,2.125
2023-11-08 16:00:00,5582.8,5592.06,46,1.314
2023-11-09 16:00:00,5561.2,5573.1,46,1.694
2023-11-12 16:00:00,5590.6,5605.57,46,2.119
2023-11-13 16:00:00,5616.6,5630.55,46,1.966
2023-11-14 16:00:00,5655.6,5664.62,46,1.263
2023-11-15 16:00:00,5580.2,5609.36,46,4.125
2023-11-16 16:00:00,5591.6,5631.42,46,5.611
2023-11-19 16:00:00,5633.0,5659.77,46,3.753
2023-11-20 16:00:00,5617.2,5641.08,46,3.359
2023-11-21 16:00:00,5550.8,5572.9,46,3.147
2023-11-22 16:00:00,5612.4,5622.99,46,1.494
2023-11-23 16:00:00,5550.8,5570.42,46,2.795
2023-11-26 16:00:00,5546.4,5566.51,46,2.867
2023-11-27 16:00:00,5561.8,5591.5,46,4.215
2023-11-28 16:00:00,5539.2,5553.33,46,2.019
2023-11-29 16:00:00,5518.2,5545.05,46,3.842
2023-11-30 16:00:00,5536.0,5566.87,46,4.4
2023-12-03 16:00:00,5522.2,5559.07,46,5.263
2023-12-04 16:00:00,5436.2,5460.41,46,3.518
2023-12-05 16:00:00,5467.4,5481.82,46,2.087
2023-12-06 16:00:00,5477.0,5481.14,46,0.599
2023-12-07 16:00:00,5498.4,5497.99,46,-0.059
2023-12-10 16:00:00,5558.2,5564.85,46,0.948
2023-12-11 16:00:00,5570.2,5566.18,46,-0.573
2023-12-12 16:00:00,5513.6,5507.51,46,-0.877
2023-12-13 16:00:00,5470.0,5489.33,46,2.794
2023-12-14 16:00:00,5431.2,5449.79,46,2.707
2023-12-17 16:00:00,5383.8,5385.27,46,0.217
2023-12-18 16:00:00,5373.2,5379.87,46,0.984
2023-12-19 16:00:00,5320.2,5309.29,46,-1.631
2023-12-20 16:00:00,5335.6,5338.76,46,0.47
2023-12-21 16:00:00,5322.4,5311.69,46,-1.6
2023-12-24 16:00:00,5316.2,5315.37,46,-0.124
2023-12-25 16:00:00,5270.4,5258.28,46,-1.829
2023-12-26 16:00:00,5282.8,5285.53,46,0.41
2023-12-27 16:00:00,5388.0,5382.8,46,-0.767
2023-12-28 16:00:00,5431.8,5429.23,46,-0.376
2024-01-01 16:00:00,5394.2,5409.46,46,2.238
2024-01-02 16:00:00,5388.6,5401.4,46,1.88
2024-01-03 16:00:00,5347.8,5355.32,46,1.114
2024-01-04 16:00:00,5282.2,5281.87,46,-0.05
2024-01-07 16:00:00,5130.6,5167.7,46,5.697
2024-01-08 16:00:00,5155.0,5180.65,46,3.929
2024-01-09 16:00:00,5138.8,5158.08,46,2.966
2024-01-10 16:00:00,5209.6,5223.86,46,2.166
2024-01-11 16:00:00,5188.6,5206.18,46,2.679
2024-01-14 16:00:00,5178.2,5193.3,46,2.307
2024-01-15 16:00:00,5173.4,5190.4,46,2.599
2024-01-16 16:00:00,5017.8,5061.54,46,6.857
2024-01-17 16:00:00,4983.4,5066.96,46,13.085
2024-01-18 16:00:00,4950.8,5018.43,46,10.693
2024-01-21 16:00:00,4645.6,4780.97,46,22.467
2024-01-22 16:00:00,4800.4,4865.74,46,10.655
2024-01-23 16:00:00,4890.2,4933.7,46,6.996
2024-01-24 16:00:00,5060.0,5073.18,46,2.061
2024-01-25 16:00:00,4992.6,5027.09,46,5.444
2024-01-28 16:00:00,4893.2,4927.91,46,5.589
2024-01-29 16:00:00,4767.8,4814.99,46,7.777
2024-01-30 16:00:00,4657.4,4696.98,46,6.686
2024-01-31 16:00:00,4648.8,4678.73,46,5.076
2024-02-01 16:00:00,4512.8,4563.22,46,8.767
2024-02-04 16:00:00,4380.0,4460.26,46,14.278
2024-02-05 16:00:00,4822.6,4805.9,46,-2.757
2024-02-06 16:00:00,5128.6,5109.57,46,-2.955
2024-02-07 16:00:00,5110.6,5150.23,46,6.106
2024-02-18 16:00:00,5083.4,5141.6,46,8.982
2024-02-19 16:00:00,5097.4,5140.96,46,6.723
2024-02-20 16:00:00,5107.2,5139.04,46,4.916
2024-02-21 16:00:00,5159.2,5176.34,46,2.627
2024-02-22 16:00:00,5186.0,5197.71,46,1.788
2024-02-25 16:00:00,5168.2,5195.46,46,4.163
2024-02-26 16:00:00,5307.8,5307.8,46,0.0
2024-02-27 16:00:00,5175.2,5184.05,46,1.355
2024-02-28 16:00:00,5346.4,5346.79,46,0.058
2024-02-29 16:00:00,5382.6,5379.05,46,-0.524
2024-03-03 16:00:00,5377.0,5388.82,46,1.74
2024-03-04 16:00:00,5334.8,5351.83,46,2.525
2024-03-05 16:00:00,5342.8,5350.1,46,1.083
2024-03-06 16:00:00,5272.4,5277.3,46,0.737
2024-03-07 16:00:00,5346.2,5349.6,46,0.504
2024-03-10 16:00:00,5456.2,5441.05,46,-2.209
2024-03-11 16:00:00,5427.6,5423.72,46,-0.568
2024-03-12 16:00:00,5417.0,5415.11,46,-0.277
2024-03-13 16:00:00,5382.2,5392.93,46,1.579
2024-03-14 16:00:00,5452.6,5454.15,46,0.225
2024-03-17 16:00:00,5533.0,5528.45,46,-0.653
2024-03-18 16:00:00,5472.2,5478.22,46,0.872
2024-03-19 16:00:00,5486.0,5493.41,46,1.07
2024-03-20 16:00:00,5457.8,5465.83,46,1.166
2024-03-21 16:00:00,5367.0,5384.57,46,2.589
2024-03-24 16:00:00,5293.8,5294.75,46,0.142
2024-03-25 16:00:00,5267.4,5284.42,46,2.556
2024-03-26 16:00:00,5150.6,5156.68,46,0.936
2024-03-27 16:00:00,5216.8,5223.81,46,1.065
2024-03-28 16:00:00,5288.4,5286.16,46,-0.336
2024-03-31 16:00:00,5404.0,5401.22,46,-0.408
2024-04-01 16:00:00,5381.8,5381.23,46,-0.084
2024-04-02 16:00:00,5372.0,5374.6,46,0.384
2024-04-07 16:00:00,5286.2,5298.59,46,1.855
2024-04-08 16:00:00,5334.2,5342.9,46,1.292
2024-04-09 16:00:00,5269.0,5275.47,46,0.973
2024-04-10 16:00:00,5303.0,5301.81,46,-0.178
2024-04-11 16:00:00,5263.2,5277.22,46,2.108
2024-04-14 16:00:00,5345.0,5339.72,46,-0.785
2024-04-15 16:00:00,5198.0,5191.55,46,-0.986
2024-04-16 16:00:00,5341.8,5339.75,46,-0.305
2024-04-17 16:00:00,5336.8,5349.84,46,1.934
2024-04-18 16:00:00,5288.0,5314.87,46,4.012
2024-04-21 16:00:00,5246.2,5267.58,46,3.221
2024-04-22 16:00:00,5185.6,5208.27,46,3.454
2024-04-23 16:00:00,5251.0,5263.04,46,1.815
2024-04-24 16:00:00,5246.8,5259.34,46,1.892
2024-04-25 16:00:00,5373.4,5372.12,46,-0.189
2024-04-28 16:00:00,5484.8,5478.49,46,-0.914
2024-04-29 16:00:00,5442.0,5441.14,46,-0.125
2024-05-05 16:00:00,5523.4,5528.6,46,0.746
2024-05-06 16:00:00,5522.0,5527.08,46,0.729
2024-05-07 16:00:00,5450.6,5458.76,46,1.186
2024-05-08 16:00:00,5548.6,5556.77,46,1.167
2024-05-09 16:00:00,5530.8,5535.4,46,0.659
2024-05-12 16:00:00,5497.0,5505.26,46,1.191
2024-05-13 16:00:00,5488.6,5500.74,46,1.751
2024-05-14 16:00:00,5443.4,5446.66,46,0.475
2024-05-15 16:00:00,5378.4,5424.67,46,6.768
2024-05-16 16:00:00,5460.4,5491.89,46,4.55
2024-05-19 16:00:00,5474.0,5523.5,46,7.111
2024-05-20 16:00:00,5440.6,5478.91,46,5.548
2024-05-21 16:00:00,5424.0,5468.61,46,6.473
2024-05-22 16:00:00,5326.0,5362.31,46,5.373
2024-05-23 16:00:00,5270.4,5313.45,46,6.429
2024-05-26 16:00:00,5322.4,5371.37,46,7.234
2024-05-27 16:00:00,5280.0,5316.13,46,5.393
2024-05-28 16:00:00,5290.0,5328.31,46,5.705
2024-05-29 16:00:00,5287.0,5308.66,46,3.237
2024-05-30 16:00:00,5282.2,5308.54,46,3.937
2024-06-02 16:00:00,5239.8,5274.07,46,5.156
2024-06-03 16:00:00,5307.2,5341.95,46,5.162
2024-06-04 16:00:00,5247.6,5277.94,46,4.561
2024-06-05 16:00:00,5208.2,5228.8,46,3.126
2024-06-06 16:00:00,5178.0,5208.98,46,4.719
2024-06-10 16:00:00,5198.6,5217.47,46,2.87
2024-06-11 16:00:00,5210.0,5232.95,46,3.48
2024-06-12 16:00:00,5184.0,5194.59,46,1.618
2024-06-13 16:00:00,5211.6,5213.09,46,0.227
2024-06-16 16:00:00,5198.2,5207.13,46,1.361
2024-06-17 16:00:00,5226.6,5230.89,46,0.651
2024-06-18 16:00:00,5169.2,5168.82,46,-0.058
2024-06-19 16:00:00,5058.8,5094.57,46,5.571
2024-06-20 16:00:00,5060.6,5102.33,46,6.49
2024-06-23 16:00:00,4965.0,4992.91,46,4.435
2024-06-24 16:00:00,4923.4,4948.63,46,4.045
2024-06-25 16:00:00,4990.2,5020.43,46,4.778
2024-06-26 16:00:00,4908.0,4928.05,46,3.228
2024-06-27 16:00:00,4909.0,4942.78,46,5.423
2024-06-30 16:00:00,4968.2,5003.16,46,5.544
2024-07-01 16:00:00,4924.6,4949.48,46,3.989
2024-07-02 16:00:00,4879.8,4910.92,46,5.028
2024-07-03 16:00:00,4803.8,4834.5,46,5.039
2024-07-04 16:00:00,4842.0,4866.26,46,3.956
2024-07-07 16:00:00,4762.4,4783.62,46,3.52
2024-07-08 16:00:00,4854.8,4876.9,46,3.596
2024-07-09 16:00:00,4831.4,4844.16,46,2.09
2024-07-10 16:00:00,4925.4,4939.73,46,2.302
2024-07-11 16:00:00,4908.0,4919.36,46,1.832
2024-07-14 16:00:00,4862.6,4883.9,46,3.461
2024-07-15 16:00:00,4881.2,4898.36,46,2.78
2024-07-16 16:00:00,4851.2,4856.58,46,0.879
2024-07-17 16:00:00,4853.4,4877.69,46,3.951
2024-07-18 16:00:00,4846.2,4872.05,46,4.21
2024-07-21 16:00:00,4834.4,4865.98,46,5.15
2024-07-22 16:00:00,4691.0,4722.8,46,5.343
2024-07-23 16:00:00,4631.4,4668.06,46,6.231
2024-07-24 16:00:00,4627.2,4665.45,46,6.505
2024-07-25 16:00:00,4709.4,4736.38,46,4.52
2024-07-28 16:00:00,4679.4,4708.84,46,4.961
2024-07-29 16:00:00,4673.0,4699.28,46,4.437
2024-07-30 16:00:00,4890.2,4886.41,46,-0.615
2024-07-31 16:00:00,4841.0,4852.97,46,1.957
2024-08-01 16:00:00,4777.8,4788.62,46,1.793
2024-08-04 16:00:00,4689.8,4693.85,46,0.685
2024-08-05 16:00:00,4738.2,4750.78,46,2.101
2024-08-06 16:00:00,4735.6,4751.94,46,2.728
2024-08-07 16:00:00,4752.4,4755.81,46,0.569
2024-08-08 16:00:00,4707.8,4720.31,46,2.103
2024-08-11 16:00:00,4717.6,4714.16,46,-0.579
2024-08-12 16:00:00,4729.2,4731.84,46,0.443
2024-08-13 16:00:00,4653.8,4667.07,46,2.256
2024-08-14 16:00:00,4661.2,4698.38,46,6.279
2024-08-15 16:00:00,4642.8,4670.38,46,4.686
2024-08-18 16:00:00,4662.0,4682.96,46,3.551
2024-08-19 16:00:00,4572.0,4602.01,46,5.174
2024-08-20 16:00:00,4570.6,4587.12,46,2.858
2024-08-21 16:00:00,4514.6,4533.37,46,3.285
2024-08-22 16:00:00,4518.6,4537.09,46,3.234
2024-08-25 16:00:00,4527.0,4544.36,46,3.031
2024-08-26 16:00:00,4480.2,4495.29,46,2.664
2024-08-27 16:00:00,4483.0,4500.01,46,2.999
2024-08-28 16:00:00,4547.2,4557.9,46,1.863
2024-08-29 16:00:00,4628.4,4639.11,46,1.832
2024-09-01 16:00:00,4532.4,4546.88,46,2.527
2024-09-02 16:00:00,4576.0,4596.48,46,3.535
2024-09-03 16:00:00,4569.2,4582.08,46,2.23
2024-09-04 16:00:00,4592.4,4601.09,46,1.499
2024-09-05 16:00:00,4524.2,4537.45,46,2.317
2024-09-08 16:00:00,4494.6,4507.19,46,2.216
2024-09-09 16:00:00,4493.0,4507.71,46,2.589
2024-09-10 16:00:00,4509.2,4514.92,46,1.005
2024-09-11 16:00:00,4496.4,4496.59,46,0.034
2024-09-12 16:00:00,4444.8,4450.96,46,1.098
2024-09-17 16:00:00,4460.0,4462.87,46,0.51
2024-09-18 16:00:00,4508.6,4520.39,46,2.07
2024-09-19 16:00:00,4474.8,4498.39,46,4.161
2024-09-22 16:00:00,4478.4,4494.69,46,2.876
2024-09-23 16:00:00,4705.6,4689.6,46,-2.707
2024-09-24 16:00:00,4732.0,4731.48,46,-0.087
2024-09-25 16:00:00,4995.2,4938.18,46,-9.162
2024-09-26 16:00:00,5430.2,5201.67,46,-34.861
2024-09-29 16:00:00,5902.8,5743.22,46,-22.047
2024-10-07 16:00:00,6098.2,6155.58,46,7.397
2024-10-08 16:00:00,5790.8,5735.64,46,-7.631
2024-10-09 16:00:00,5712.6,5690.88,46,-3.028
2024-10-10 16:00:00,5485.0,5470.81,46,-2.058
2024-10-13 16:00:00,5605.4,5608.15,46,0.389
2024-10-14 16:00:00,5456.4,5472.56,46,2.343
2024-10-15 16:00:00,5463.8,5461.09,46,-0.394
2024-10-16 16:00:00,5401.2,5418.99,46,2.605
2024-10-17 16:00:00,5613.4,5640.02,46,3.745
2024-10-20 16:00:00,5686.6,5704.23,46,2.452
2024-10-21 16:00:00,5750.0,5753.85,46,0.531
2024-10-22 16:00:00,5755.8,5776.38,46,2.827
2024-10-23 16:00:00,5710.0,5726.7,46,2.314
2024-10-24 16:00:00,5797.0,5809.69,46,1.733
2024-10-27 16:00:00,5857.8,5883.72,46,3.496
2024-10-28 16:00:00,5800.8,5812.53,46,1.601
2024-10-29 16:00:00,5814.4,5837.93,46,3.198
2024-10-30 16:00:00,5859.6,5901.29,46,5.606
2024-10-31 16:00:00,5821.0,5831.82,46,1.472
2024-11-03 16:00:00,5917.4,5928.91,46,1.54
2024-11-04 16:00:00,6093.8,6111.97,46,2.359
2024-11-05 16:00:00,6096.0,6125.79,46,3.859
2024-11-06 16:00:00,6207.8,6239.56,46,4.039
2024-11-07 16:00:00,6174.0,6222.44,46,6.177
2024-11-10 16:00:00,6240.0,6330.62,46,11.358
2024-11-11 16:00:00,6184.0,6263.88,46,10.119
2024-11-12 16:00:00,6186.4,6259.84,46,9.309
2024-11-13 16:00:00,6057.4,6078.31,46,2.73
2024-11-14 16:00:00,5913.2,5924.48,46,1.511
2024-11-17 16:00:00,5822.0,5833.04,46,1.502
2024-11-18 16:00:00,5890.2,5936.6,46,6.202
2024-11-19 16:00:00,5943.8,5992.39,46,6.434
2024-11-20 16:00:00,5933.4,5985.31,46,6.882
2024-11-21 16:00:00,5709.0,5750.25,46,5.692
2024-11-24 16:00:00,5688.8,5735.65,46,6.481
2024-11-25 16:00:00,5652.8,5690.48,46,5.254
2024-11-26 16:00:00,5767.6,5804.94,46,5.104
2024-11-27 16:00:00,5723.6,5757.6,46,4.686
2024-11-28 16:00:00,5822.4,5851.94,46,4.005
2024-12-01 16:00:00,5912.0,5943.62,46,4.221
2024-12-02 16:00:00,5903.2,5932.12,46,3.868
2024-12-03 16:00:00,5860.0,5879.27,46,2.601
2024-12-04 16:00:00,5878.0,5901.99,46,3.225
2024-12-05 16:00:00,5963.4,5979.2,46,2.097
2024-12-08 16:00:00,5922.6,5947.11,46,3.27
2024-12-09 16:00:00,5991.4,5992.09,46,0.091
2024-12-10 16:00:00,6036.4,6047.1,46,1.404
2024-12-11 16:00:00,6093.0,6100.39,46,0.961
2024-12-12 16:00:00,5998.2,5988.29,46,-1.313
2024-12-15 16:00:00,5908.0,5912.6,46,0.617
2024-12-16 16:00:00,5850.8,5848.16,46,-0.358
2024-12-17 16:00:00,5888.6,5888.62,46,0.003
2024-12-18 16:00:00,5837.2,5901.92,46,8.701
2024-12-19 16:00:00,5895.6,5917.18,46,2.894
2024-12-22 16:00:00,5803.0,5818.55,46,2.121
2024-12-23 16:00:00,5879.2,5895.26,46,2.162
2024-12-24 16:00:00,5828.4,5840.29,46,1.615
2024-12-25 16:00:00,5870.0,5887.06,46,2.299
2024-12-26 16:00:00,5887.8,5899.17,46,1.529
2024-12-29 16:00:00,5889.2,5898.88,46,1.302
2024-12-30 16:00:00,5693.0,5725.73,46,4.536
2025-01-01 16:00:00,5534.6,5545.82,46,1.605
2025-01-02 16:00:00,5428.8,5427.8,46,-0.146
2025-01-05 16:00:00,5418.0,5427.1,46,1.33
2025-01-06 16:00:00,5468.8,5484.68,46,2.297
2025-01-07 16:00:00,5448.2,5461.59,46,1.945
2025-01-08 16:00:00,5437.2,5456.59,46,2.82
2025-01-09 16:00:00,5365.6,5369.28,46,0.544
2025-01-12 16:00:00,5385.6,5381.7,46,-0.575
2025-01-13 16:00:00,5569.0,5572.27,46,0.466
2025-01-14 16:00:00,5526.0,5522.46,46,-0.509
2025-01-15 16:00:00,5493.4,5545.63,46,7.473
2025-01-16 16:00:00,5550.8,5587.29,46,5.182
2025-01-19 16:00:00,5579.6,5614.33,46,4.908
2025-01-20 16:00:00,5595.0,5633.92,46,5.481
2025-01-21 16:00:00,5572.6,5607.06,46,4.877
2025-01-22 16:00:00,5540.2,5584.25,46,6.259
2025-01-23 16:00:00,5638.6,5649.95,46,1.594
2025-01-26 16:00:00,5532.8,5589.34,46,8.027
2025-02-04 16:00:00,5567.8,5614.39,46,6.585
2025-02-05 16:00:00,5712.8,5747.9,46,4.845
2025-02-06 16:00:00,5807.6,5833.99,46,3.589
2025-02-09 16:00:00,5844.0,5888.55,46,6.003
2025-02-10 16:00:00,5822.8,5858.28,46,4.806
2025-02-11 16:00:00,5902.6,5940.53,46,5.066
2025-02-12 16:00:00,5873.0,5898.26,46,3.398
2025-02-13 16:00:00,5925.0,5947.8,46,3.042
2025-02-16 16:00:00,5909.4,5948.72,46,5.245
2025-02-17 16:00:00,5822.6,5840.71,46,2.46
2025-02-18 16:00:00,5913.4,5943.88,46,4.069
2025-02-19 16:00:00,5918.0,5957.55,46,5.268
2025-02-20 16:00:00,6028.8,6057.06,46,3.702
2025-02-23 16:00:00,5994.4,6044.97,46,6.638
2025-02-24 16:00:00,5950.4,5979.97,46,3.924
2025-02-25 16:00:00,5997.0,6051.74,46,7.177
2025-02-26 16:00:00,5982.4,6028.99,46,6.132
2025-02-27 16:00:00,5838.4,5859.87,46,2.907
2025-03-02 16:00:00,5847.2,5885.77,46,5.2
2025-03-03 16:00:00,5896.4,5937.63,46,5.51
2025-03-04 16:00:00,5905.8,5950.7,46,5.987
2025-03-05 16:00:00,6020.0,6047.77,46,3.643
2025-03-06 16:00:00,5992.4,6013.77,46,2.82
2025-03-09 16:00:00,5961.2,6013.62,46,6.917
2025-03-10 16:00:00,6011.0,6044.97,46,4.459
2025-03-11 16:00:00,6019.0,6040.5,46,2.824
2025-03-12 16:00:00,5967.8,5993.97,46,3.464
2025-03-13 16:00:00,6096.2,6099.98,46,0.492
2025-03-16 16:00:00,6083.0,6108.02,46,3.25
2025-03-17 16:00:00,6112.4,6133.3,46,2.704
2025-03-18 16:00:00,6099.4,6101.44,46,0.265
2025-03-19 16:00:00,6005.6,6059.49,46,7.057
2025-03-20 16:00:00,5913.6,5971.93,46,7.75
2025-03-23 16:00:00,5903.8,5969.08,46,8.678
2025-03-24 16:00:00,5895.2,5946.95,46,6.905
2025-03-25 16:00:00,5895.8,5948.5,46,7.03
2025-03-26 16:00:00,5922.2,5957.6,46,4.715
2025-03-27 16:00:00,5869.6,5916.03,46,6.227
2025-03-30 16:00:00,5819.6,5857.77,46,5.17
2025-03-31 16:00:00,5850.6,5892.85,46,5.689
2025-04-01 16:00:00,5868.6,5899.09,46,4.101
2025-04-02 16:00:00,5822.4,5845.5,46,3.136
2025-04-06 16:00:00,5236.2,5287.03,46,7.629
2025-04-07 16:00:00,5271.0,5326.91,46,8.328
2025-04-08 16:00:00,5387.2,5439.77,46,7.668
2025-04-09 16:00:00,5509.0,5544.06,46,5.018
2025-04-10 16:00:00,5555.8,5581.32,46,3.628
2025-04-13 16:00:00,5584.8,5627.14,46,5.97
2025-04-14 16:00:00,5580.0,5602.53,46,3.191
2025-04-15 16:00:00,5540.4,5556.86,46,2.35
2025-04-16 16:00:00,5406.6,5557.01,46,21.477
2025-04-17 16:00:00,5400.0,5560.72,46,22.934
2025-04-20 16:00:00,5499.8,5642.38,46,20.051
2025-04-21 16:00:00,5486.0,5624.21,46,19.499
2025-04-22 16:00:00,5495.0,5634.95,46,19.707
2025-04-23 16:00:00,5478.0,5605.88,46,18.101
2025-04-24 16:00:00,5498.6,5627.18,46,18.131
2025-04-27 16:00:00,5471.0,5598.3,46,18.043
2025-04-28 16:00:00,5487.2,5604.91,46,16.664
2025-04-29 16:00:00,5497.0,5631.82,46,18.995
2025-05-05 16:00:00,5622.0,5740.33,46,16.357
2025-05-06 16:00:00,5620.2,5750.29,46,17.951
2025-05-07 16:00:00,5660.0,5773.81,46,15.641
2025-05-08 16:00:00,5604.8,5721.72,46,16.214
2025-05-11 16:00:00,5688.0,5793.67,46,14.472
2025-05-12 16:00:00,5654.6,5781.67,46,17.439
2025-05-13 16:00:00,5697.8,5799.12,46,13.863
2025-05-14 16:00:00,5623.0,5715.3,46,12.814
2025-05-15 16:00:00,5601.8,5715.85,46,15.833
2025-05-18 16:00:00,5623.0,5720.79,46,13.564
2025-05-19 16:00:00,5650.8,5747.37,46,13.332
2025-05-20 16:00:00,5655.6,5757.92,46,14.1
2025-05-21 16:00:00,5614.8,5703.28,46,12.31
2025-05-22 16:00:00,5561.8,5653.04,46,12.807
2025-05-25 16:00:00,5594.6,5669.46,46,10.477
2025-05-26 16:00:00,5578.0,5652.15,46,10.41
2025-05-27 16:00:00,5568.0,5637.24,46,9.746
2025-05-28 16:00:00,5668.6,5719.91,46,7.118
2025-05-29 16:00:00,5627.8,5671.07,46,6.054
2025-06-02 16:00:00,5638.4,5694.84,46,7.864
2025-06-03 16:00:00,5688.8,5739.01,46,6.942
2025-06-04 16:00:00,5723.6,5769.97,46,6.377
2025-06-05 16:00:00,5725.4,5762.08,46,5.051
2025-06-08 16:00:00,5766.4,5805.65,46,5.364
2025-06-09 16:00:00,5718.2,5757.99,46,5.483
2025-06-10 16:00:00,5761.2,5792.95,46,4.349
2025-06-11 16:00:00,5780.0,5799.93,46,2.727
2025-06-12 16:00:00,5729.0,5740.24,46,1.554
2025-06-15 16:00:00,5756.2,5767.81,46,1.597
2025-06-16 16:00:00,5748.4,5750.91,46,0.346
2025-06-17 16:00:00,5738.0,5745.87,46,1.087
2025-06-18 16:00:00,5504.4,5676.83,46,24.101
2025-06-19 16:00:00,5484.0,5639.51,46,21.88
2025-06-22 16:00:00,5524.0,5674.17,46,21.0
2025-06-23 16:00:00,5632.6,5765.84,46,18.336
2025-06-24 16:00:00,5759.8,5862.55,46,13.907
2025-06-25 16:00:00,5729.0,5838.25,46,14.848
2025-06-26 16:00:00,5745.0,5863.73,46,16.067
2025-06-29 16:00:00,5768.8,5915.39,46,19.663
2025-06-30 16:00:00,5764.6,5934.67,46,22.739
2025-07-01 16:00:00,5756.6,5892.95,46,18.359
2025-07-02 16:00:00,5769.2,5922.66,46,20.56
2025-07-03 16:00:00,5765.4,5911.44,46,19.603
2025-07-06 16:00:00,5747.6,5900.41,46,20.55
2025-07-07 16:00:00,5858.0,5977.74,46,15.894
2025-07-08 16:00:00,5823.4,5953.49,46,17.338
2025-07-09 16:00:00,5854.2,5983.05,46,17.088
2025-07-10 16:00:00,5920.4,6027.08,46,14.045
2025-07-13 16:00:00,5897.6,6020.86,46,16.244
2025-07-14 16:00:00,5893.4,6018.76,46,16.527
2025-07-15 16:00:00,5895.2,6017.19,46,16.087
2025-07-16 16:00:00,5978.0,6082.46,46,13.627
2025-07-17 16:00:00,6000.8,6099.61,46,12.854
2025-07-20 16:00:00,6055.6,6161.31,46,13.614
2025-07-21 16:00:00,6129.4,6213.41,46,10.728
2025-07-22 16:00:00,6120.0,6196.76,46,9.829
2025-07-23 16:00:00,6226.0,6293.6,46,8.523
2025-07-24 16:00:00,6216.0,6299.59,46,10.529
2025-07-27 16:00:00,6222.0,6323.42,46,12.726
2025-07-28 16:00:00,6263.0,6356.13,46,11.626
2025-07-29 16:00:00,6215.4,6314.69,46,12.476
2025-07-30 16:00:00,6124.0,6226.34,46,13.042
2025-07-31 16:00:00,6104.0,6213.2,46,13.946
2025-08-03 16:00:00,6169.0,6261.73,46,11.751
2025-08-04 16:00:00,6198.6,6303.24,46,13.173
2025-08-05 16:00:00,6263.2,6357.38,46,11.755
2025-08-06 16:00:00,6226.4,6337.54,46,13.915
2025-08-07 16:00:00,6227.0,6323.5,46,12.109
2025-08-10 16:00:00,6298.8,6391.76,46,11.54
2025-08-11 16:00:00,6342.6,6418.16,46,9.341
2025-08-12 16:00:00,6451.8,6508.1,46,6.864
2025-08-13 16:00:00,6380.2,6429.85,46,6.127
2025-08-14 16:00:00,6531.0,6568.57,46,4.538
2025-08-17 16:00:00,6608.0,6668.17,46,7.16
2025-08-18 16:00:00,6600.0,6655.31,46,6.594
2025-08-19 16:00:00,6695.2,6728.07,46,3.877
2025-08-20 16:00:00,6656.4,6704.17,46,5.654
2025-08-21 16:00:00,6810.4,6822.85,46,1.448
2025-08-24 16:00:00,6909.6,6951.9,46,4.828
2025-08-25 16:00:00,6916.4,6964.07,46,5.431
2025-08-26 16:00:00,6837.8,6862.56,46,2.863
2025-08-27 16:00:00,6967.0,7011.16,46,4.998
2025-08-28 16:00:00,6996.8,7043.94,46,5.31
2025-08-31 16:00:00,7014.8,7110.29,46,10.656
2025-09-01 16:00:00,6896.2,6961.69,46,7.464
2025-09-02 16:00:00,6788.8,6868.46,46,9.203
2025-09-03 16:00:00,6647.0,6698.45,46,6.095
2025-09-04 16:00:00,6898.6,6913.95,46,1.762
2025-09-07 16:00:00,6920.8,6992.12,46,8.094
2025-09-08 16:00:00,6872.8,6928.97,46,6.432
2025-09-09 16:00:00,6863.4,6932.11,46,7.865
2025-09-10 16:00:00,7124.6,7122.71,46,-0.211
2025-09-11 16:00:00,7140.0,7147.75,46,0.86
2025-09-14 16:00:00,7114.2,7137.36,46,2.575
2025-09-15 16:00:00,7165.2,7190.99,46,2.846
2025-09-16 16:00:00,7252.4,7260.04,46,0.835
2025-09-17 16:00:00,6985.4,7199.88,46,23.637
2025-09-18 16:00:00,6984.0,7170.35,46,20.622
2025-09-21 16:00:00,7013.2,7225.13,46,23.275
2025-09-22 16:00:00,6940.6,7180.71,46,26.532
2025-09-23 16:00:00,7157.0,7323.71,46,18.062
2025-09-24 16:00:00,7166.6,7341.32,46,18.884
2025-09-25 16:00:00,7080.0,7240.91,46,17.633
2025-09-28 16:00:00,7232.2,7350.56,46,12.777
2025-09-29 16:00:00,7290.4,7412.37,46,13.057
2025-10-08 16:00:00,7415.8,7548.92,46,13.992
2025-10-09 16:00:00,7266.0,7398.22,46,14.181
2025-10-12 16:00:00,7231.0,7376.56,46,15.658
2025-10-13 16:00:00,7010.0,7194.85,46,20.386
2025-10-14 16:00:00,7140.2,7294.0,46,16.731
2025-10-15 16:00:00,7062.0,7231.53,46,18.602
2025-10-16 16:00:00,6863.2,7016.07,46,17.289
2025-10-19 16:00:00,6909.2,7069.64,46,18.007
2025-10-20 16:00:00,7052.8,7185.62,46,14.667
2025-10-21 16:00:00,7011.6,7128.48,46,13.01
2025-10-22 16:00:00,7040.0,7142.95,46,11.436
2025-10-23 16:00:00,7159.8,7258.53,46,10.793
2025-10-26 16:00:00,7254.4,7379.39,46,13.44
2025-10-27 16:00:00,7231.0,7341.03,46,11.893
2025-10-28 16:00:00,7390.0,7480.97,46,9.649
2025-10-29 16:00:00,7299.0,7385.71,46,9.316
2025-10-30 16:00:00,7242.4,7331.0,46,9.59
2025-11-02 16:00:00,7239.6,7333.6,46,10.171
2025-11-03 16:00:00,7094.6,7210.83,46,12.79
2025-11-04 16:00:00,7108.0,7229.34,46,13.318
2025-11-05 16:00:00,7246.4,7345.72,46,10.728
2025-11-06 16:00:00,7230.2,7327.91,46,10.58
2025-11-09 16:00:00,7235.8,7343.8,46,11.669
2025-11-10 16:00:00,7173.0,7291.61,46,12.907
2025-11-11 16:00:00,7155.2,7243.25,46,9.646
2025-11-12 16:00:00,7269.0,7355.29,46,9.309
2025-11-13 16:00:00,7137.4,7235.46,46,10.754
2025-11-16 16:00:00,7143.4,7235.35,46,10.084
2025-11-17 16:00:00,7079.8,7151.02,46,7.903
2025-11-18 16:00:00,7054.8,7122.75,46,7.57
2025-11-19 16:00:00,7000.0,7061.95,46,6.961
2025-11-20 16:00:00,6770.0,6817.41,46,5.518
2025-11-23 16:00:00,6827.6,6868.97,46,4.779
2025-11-24 16:00:00,6900.0,6954.6,46,6.23
2025-11-25 16:00:00,6909.4,6965.05,46,6.34
2025-11-26 16:00:00,6896.2,6951.28,46,6.287
2025-11-27 16:00:00,6974.2,7031.55,46,6.472
2025-11-30 16:00:00,7031.6,7101.83,46,7.847
2025-12-01 16:00:00,6982.2,7040.3,46,6.548
2025-12-02 16:00:00,6950.4,6996.36,46,5.212
2025-12-03 16:00:00,6983.2,7012.81,46,3.35
2025-12-04 16:00:00,7083.2,7097.84,46,1.637
2025-12-07 16:00:00,7144.0,7172.37,46,3.139
2025-12-08 16:00:00,7094.4,7121.33,46,3.001
2025-12-09 16:00:00,7122.2,7155.99,46,3.747
2025-12-10 16:00:00,7074.4,7082.89,46,0.951
2025-12-11 16:00:00,7174.0,7169.79,46,-0.466
2025-12-14 16:00:00,7115.8,7113.96,46,-0.205
2025-12-15 16:00:00,7010.2,7001.32,46,-1.006
2025-12-16 16:00:00,7146.8,7137.83,46,-0.997
2025-12-17 16:00:00,6973.6,7100.84,46,14.218
2025-12-18 16:00:00,7055.4,7169.55,46,12.633
2025-12-21 16:00:00,7123.2,7255.66,46,14.486
2025-12-22 16:00:00,7133.2,7256.79,46,13.514
2025-12-23 16:00:00,7240.4,7352.04,46,12.049
2025-12-24 16:00:00,7320.6,7410.71,46,9.648
2025-12-25 16:00:00,7388.0,7458.84,46,7.536
2025-12-28 16:00:00,7336.6,7430.61,46,10.039
2025-12-29 16:00:00,7381.0,7458.94,46,8.291
2025-12-30 16:00:00,7362.8,7465.57,46,10.923
2026-01-04 16:00:00,7596.0,7651.2,46,5.725
2026-01-05 16:00:00,7786.4,7814.14,46,2.817
2026-01-06 16:00:00,7802.6,7875.08,46,7.303
2026-01-07 16:00:00,7814.4,7894.54,46,8.055
2026-01-08 16:00:00,8037.8,8056.69,46,1.86
2026-01-11 16:00:00,8236.6,8249.13,46,1.205
2026-01-12 16:00:00,8131.2,8143.28,46,1.177
2026-01-13 16:00:00,8197.8,8227.7,46,2.884
2026-01-14 16:00:00,8206.8,8223.27,46,1.589
2026-01-15 16:00:00,8210.4,8232.67,46,2.146
2026-01-18 16:00:00,8266.0,8287.95,46,2.101
2026-01-19 16:00:00,8248.8,8247.8,46,-0.096
2026-01-20 16:00:00,8371.0,8340.11,46,-2.939
2026-01-21 16:00:00,8400.0,8387.59,46,-1.174
2026-01-22 16:00:00,8658.2,8590.17,46,-6.284
2026-01-25 16:00:00,8470.0,8506.69,46,3.422
2026-01-26 16:00:00,8547.6,8548.93,46,0.123
2026-01-27 16:00:00,8622.0,8601.16,46,-1.923
2026-01-28 16:00:00,8517.6,8517.84,46,0.022
2026-01-29 16:00:00,8362.4,8370.52,46,0.77
2026-02-01 16:00:00,7903.2,8037.05,46,13.215
2026-02-02 16:00:00,8282.0,8286.7,46,0.45
2026-02-03 16:00:00,8313.6,8299.06,46,-1.39
2026-02-04 16:00:00,8120.2,8146.11,46,2.524
2026-02-05 16:00:00,8117.4,8146.41,46,2.826
2026-02-08 16:00:00,8311.6,8311.28,46,-0.031
2026-02-09 16:00:00,8290.8,8306.44,46,1.494
2026-02-10 16:00:00,8336.4,8325.81,46,-1.009
2026-02-11 16:00:00,8448.8,8423.57,46,-2.377
2026-02-12 16:00:00,8274.8,8299.58,46,2.369
2026-02-23 16:00:00,8371.6,8392.91,46,2.015
2026-02-24 16:00:00,8529.0,8527.56,46,-0.134
2026-02-25 16:00:00,8537.4,8557.22,46,1.838
2026-02-26 16:00:00,8645.4,8658.45,46,1.196
2026-03-01 16:00:00,8627.0,8658.33,46,2.871
2026-03-02 16:00:00,8266.2,8281.61,46,1.476
2026-03-03 16:00:00,8219.4,8248.94,46,2.841
2026-03-04 16:00:00,8255.6,8309.17,46,5.116
2026-03-05 16:00:00,8322.6,8360.33,46,3.581
2026-03-08 16:00:00,8267.0,8279.48,46,1.196
2026-03-09 16:00:00,8393.6,8410.3,46,1.576
2026-03-10 16:00:00,8360.0,8403.33,46,4.091
2026-03-11 16:00:00,8301.0,8359.47,46,5.55
2026-03-12 16:00:00,8213.8,8239.8,46,2.504
2026-03-15 16:00:00,8178.4,8185.15,46,0.654
2026-03-16 16:00:00,8000.0,8016.03,46,1.587
2026-03-17 16:00:00,8086.0,8096.43,46,1.022
2026-03-18 16:00:00,7671.0,7877.09,46,20.76
2026-03-19 16:00:00,7559.4,7760.04,46,20.516
2026-03-22 16:00:00,7235.0,7440.75,46,21.941
2026-03-23 16:00:00,7409.6,7597.37,46,19.611
2026-03-24 16:00:00,7530.0,7767.67,46,24.278
2026-03-25 16:00:00,7413.8,7642.13,46,23.707
2026-03-26 16:00:00,7559.2,7737.61,46,18.296
2026-03-29 16:00:00,7560.6,7753.72,46,19.763
2026-03-30 16:00:00,7425.0,7617.33,46,20.035
2026-03-31 16:00:00,7565.8,7750.09,46,18.868
2026-04-01 16:00:00,7409.6,7605.29,46,20.417
2026-04-02 16:00:00,7352.0,7534.94,46,19.265
2026-04-06 16:00:00,7388.8,7571.11,46,19.107
2026-04-07 16:00:00,7831.8,7945.15,46,11.32
2026-04-08 16:00:00,7748.8,7898.63,46,15.052
2026-04-09 16:00:00,7828.6,7969.36,46,14.015
2026-04-12 16:00:00,7808.8,7967.7,46,15.824
2026-04-13 16:00:00,7938.4,8088.57,46,14.731
2026-04-14 16:00:00,7904.0,8044.08,46,13.818
2026-04-15 16:00:00,8065.0,8180.08,46,11.163
2026-04-16 16:00:00,8098.8,8214.19,46,11.146
2026-04-19 16:00:00,8146.2,8290.02,46,13.766
2026-04-20 16:00:00,8124.4,8270.33,46,14.001
2026-04-21 16:00:00,8264.2,8376.18,46,10.608
2026-04-22 16:00:00,8177.0,8295.21,46,11.307
2026-04-23 16:00:00,8132.8,8247.88,46,11.071
2026-04-26 16:00:00,8186.4,8299.05,46,10.771
2026-04-27 16:00:00,8094.6,8203.96,46,10.577
2026-04-28 16:00:00,8270.0,8342.42,46,6.888
2026-04-29 16:00:00,8270.0,8349.51,46,7.556
2026-05-05 16:00:00,8497.6,8588.44,46,8.393
2026-05-06 16:00:00,8624.8,8696.8,46,6.569
2026-05-07 16:00:00,8585.2,8638.84,46,4.927
2026-05-10 16:00:00,8699.0,8771.18,45,6.675
2026-05-11 16:00:00,8752.0,8856.18,42,10.223
2026-05-12 16:00:00,8676.0,8730.91,41,5.599
2026-05-13 16:00:00,8877.0,8952.95,40,7.741
2026-05-14 16:00:00,8623.8,8676.62,39,5.697
2026-05-17 16:00:00,8426.0,8493.02,38,7.58
2026-05-18 16:00:00,8457.2,8524.15,35,8.191
2026-05-19 16:00:00,8515.8,8581.39,34,8.205
2026-05-20 16:00:00,8650.8,8703.17,33,6.656
2026-05-21 16:00:00,8400.0,8473.61,32,9.909
2026-05-24 16:00:00,8543.0,8631.21,31,12.033
2026-05-25 16:00:00,8563.6,8665.44,28,15.32
2026-05-26 16:00:00,8566.2,8659.22,27,14.522
2026-05-27 16:00:00,8411.4,8503.67,26,15.233
2026-05-28 16:00:00,8507.4,8589.82,25,14.009
2026-05-31 16:00:00,8298.0,8358.49,24,11.006
2026-06-01 16:00:00,8269.8,8290.83,21,4.409
2026-06-02 16:00:00,8262.0,8317.0,20,12.069
2026-06-03 16:00:00,8270.0,8279.86,19,2.288
2026-06-04 16:00:00,8255.0,8317.64,18,15.271
2026-05-20 16:00:00,8326.8,8419.84,18,22.407
2026-05-21 16:00:00,8469.2,8576.94,18,25.472
2026-05-24 16:00:00,8582.8,8703.89,18,28.211
2026-05-25 16:00:00,8565.0,8658.62,18,21.925
2026-05-26 16:00:00,8415.8,8530.98,18,27.378
2026-05-27 16:00:00,8458.0,8563.22,18,24.916
2026-05-28 16:00:00,8274.6,8359.56,18,20.609
2026-05-31 16:00:00,8225.2,8274.21,18,12.011
2026-06-01 16:00:00,8260.4,8321.43,18,14.872
2026-06-02 16:00:00,8314.2,8362.16,18,11.63
2026-06-03 16:00:00,8300.2,8356.74,18,13.72
2026-06-04 16:00:00,8255.0,8317.64,18,15.271
2026-06-07 16:00:00,8050.0,7978.66,17,-19.198
2026-06-08 16:00:00,7986.0,8059.34,14,23.725
2026-06-09 16:00:00,8051.0,8094.14,13,14.964
